step_time,reward,total_stopped,total_wait_time,total_co2_emission,mean_co2_emission,total_travel_time
5.0,,0,0.0,4416.732032126173,4.416732032126173,20.88616992440783
10.0,-0.0,0,0.0,11160.39625368052,5.580198126840259,21.337208243113338
15.0,-0.0,0,0.0,5672.5132999108855,5.672513299910886,42.82335403901101
20.0,-0.0,1,2.0,27417.736993717903,11.231715973723606,46.124347440129874
25.0,-2789.6894102876804,1,7.0,25345.035620077288,8.834541375372936,50.376038393595095
30.0,-6452.963103871435,2,17.0,22626.438203810605,5.78588301681253,35.34294416847494
35.0,-6228.535948152022,3,32.0,11841.067163279435,3.6927855763422235,27.010669479012478
40.0,-5485.425822787999,4,52.0,22386.874910335966,8.80820193792949,83.01724840453149
45.0,-5485.425822787999,6,80.0,25730.575936728055,5.7732403806226955,80.62359071992913
50.0,-25858.821666334065,7,112.0,34830.09894560556,9.00255451919838,127.54692367511365
55.0,-25858.821666334065,7,147.0,33801.21513860643,12.49945779622879,70.81038048602564
60.0,-33965.214896602425,9,192.0,35167.5005493422,8.158857011948912,47.45405027243243
65.0,-64335.44002744448,10,238.0,37291.94016189333,5.892174990997709,125.01490993539778
70.0,-86921.36906244626,12,293.0,53767.63182867832,10.82305377574718,94.13724579277647
75.0,-86921.36906244626,12,353.0,39652.42873427129,4.35540824655483,124.29635852396495
80.0,-136787.53569444446,15,423.0,59310.66935757647,11.380958007333874,158.06448411765578
85.0,-136787.53569444446,15,498.0,66120.86814489309,12.470035700735682,103.65714363482115
90.0,-147078.20922056775,16,578.0,55622.00182015379,7.351663205031709,373.63322888207676
95.0,-136787.53569444446,18,663.0,55244.7915374641,6.641135797060136,49.78313406267917
100.0,-178659.62731326252,19,754.0,60910.6143679573,5.071984059401906,112.71268718427582
105.0,-213455.36952079347,20,850.0,65223.984033129775,7.2116349529209645,254.28325439706776
110.0,-199669.1383795571,23,956.0,68612.81907612339,5.545627484577939,64.68536017536151
115.0,-199669.1383795571,24,1072.0,64359.5726135676,4.950736354889815,91.30010311945236
120.0,-283315.9899425777,23,1186.0,64986.98186323444,5.371856014189835,458.915467442269
125.0,-283315.9899425777,24,1305.0,77280.7478370765,7.116203029106172,94.17583814174766
130.0,-279158.2361111111,24,1425.0,76865.35578710792,9.141854172460224,72.05428589023397
135.0,-279158.2361111111,22,1426.0,72486.73058272144,7.476273462872076,234.94612972258244
140.0,-279158.2361111111,18,1341.0,90125.47358668708,12.122334610485265,60.246927457666565
145.0,-80745.73652350943,15,1339.0,71204.39870096536,6.701293376639988,233.91793789503544
150.0,-80745.73652350943,21,1430.0,76037.49809299324,7.388157827647378,257.23414029784976
155.0,-40089.06496896166,28,1552.0,98187.48361326155,10.51891471933745,224.57874904752057
160.0,-130620.46477516706,32,1701.0,86743.80689275757,9.804898552300502,243.14238686249985
165.0,-130620.46477516706,32,1852.0,103041.19090836079,10.881564601797068,245.87508971845097
170.0,-226117.85888089164,33,2015.0,103014.87787292303,12.024369836170736,61.54439170935066
175.0,-226117.85888089164,32,2170.0,100020.97518066817,8.443540538699892,225.72413714350765
180.0,-226118.01350144227,32,2328.0,103406.8705215175,7.6154908815768945,177.269359462757
185.0,-246031.14761383508,29,2374.0,97143.72186033525,7.174702766111221,269.66399638772236
190.0,-246031.14761383508,26,2304.0,109300.08698885127,9.66370552792084,281.2934681682152
195.0,-49127.19811842808,21,2246.0,89302.1844621989,11.339113386980035,598.8764202405509
200.0,-49127.19811842808,22,2045.0,108750.6179070555,10.114874718746899,990.588047165585
205.0,-100165.03620759438,21,2149.0,97762.56106635404,9.734163990717256,228.1737611207345
210.0,-133602.26095062442,26,2265.0,112072.02751905417,9.050351692602682,210.6207971225548
215.0,-133602.26095062442,31,2404.0,109846.76003964216,9.862355216371478,248.37422897594797
220.0,-401918.62797059666,34,2567.0,104375.17949495863,9.651985035880706,373.30634723047325
225.0,-401918.62797059666,39,2755.0,135772.60907417673,11.283005576646149,358.9868300220346
230.0,-546782.6262653505,39,2870.0,137002.41493306425,10.398245821487759,202.80203617208687
235.0,-661375.8079448298,36,2897.0,137216.5898026363,11.509832511827927,208.5940058062924
240.0,-669613.05481251,40,3013.0,115002.39058843,8.688800002836064,302.3693714517523
245.0,-669613.05481251,44,3225.0,129864.07532727599,9.67256403175573,157.6468214243227
250.0,-738985.72777753,44,3444.0,134401.78702774012,9.349024513780469,178.9151351570948
255.0,-738985.72777753,42,3637.0,152228.5556641663,10.094017659556735,177.94827887504945
260.0,-806741.6238601658,44,3844.0,137150.77812504338,10.255731915437298,201.86836489646205
265.0,-1007740.8263794295,44,4062.0,128580.22211653208,9.87536369684182,595.4386795280591
270.0,-1007761.2323611109,47,4290.0,134228.2209740458,9.810853454888399,121.17855199768596
275.0,-1007761.2323611109,49,4531.0,139094.59463933605,9.959093076281462,209.25448812756662
280.0,-1007761.2323611109,45,4689.0,138580.53565865397,9.58980153460751,1001.2383820738055
285.0,-1007761.2323611109,43,4755.0,130875.8046698848,9.621098962933013,427.85046955508744
290.0,-1007761.2323611109,42,4708.0,128052.92830342322,7.63522655755281,840.0230633283347
295.0,-1007761.2323611109,34,4287.0,147300.13623339473,14.65693949030804,254.58252015598333
300.0,-1007761.2323611109,24,4074.0,153935.88189037165,12.033017118558796,217.1423700656324
305.0,-555271.1798884653,19,4151.0,104003.69702296179,9.004009112292854,256.9035495397113
310.0,-555271.1798884653,20,4245.0,115881.82379007345,9.932071693776098,273.5386497680389
315.0,-325066.4727733424,24,4355.0,111096.47609606324,11.137834835675545,266.8578862271363
320.0,-292863.13740445935,32,4496.0,109312.50007352787,6.9904409806903764,566.805524663796
325.0,-292863.13740445935,38,4676.0,122568.54399713827,14.019237050295928,1834.2869637844294
330.0,-698694.1970562235,41,4871.0,132616.8925776429,13.076662731671455,849.0144455446948
335.0,-698694.1970562235,41,5070.0,120272.94646490889,9.072643133350523,199.55908272664428
340.0,-904466.2882417424,38,5134.0,128131.05926828619,10.355517137054173,137.53620173309693
345.0,-904466.2882417424,38,5065.0,116690.4300592604,10.12676778842525,196.15891411839735
350.0,-1007760.0683917586,40,5251.0,120503.24974986227,10.55423086213289,521.9861002140349
355.0,-1007761.2323611109,41,5454.0,132385.3254118285,13.307019161445702,164.74474459023236
360.0,-1010552.8147222219,43,5666.0,117915.23631791548,8.423144834724498,163.96891690487934
365.0,-1010552.8147222219,42,5861.0,126876.1460712314,14.138216366417689,638.6273561047466
370.0,-1007761.2323611109,43,6075.0,135991.86167359143,12.45091290400509,381.233569360009
375.0,-1007761.2323611109,34,5792.0,130683.31847782922,9.872206936804655,520.2571375742215
380.0,-578261.4835169623,30,5649.0,128310.67155768562,10.240156414164073,85.76843028826084
385.0,-578261.4835169623,23,5206.0,119026.33055256635,13.000982753453869,329.86242630180425
390.0,-300218.45892794227,18,5033.0,126520.73761704675,11.099652113639785,189.44761775501988
395.0,-270804.62514323613,20,5131.0,109099.24577536344,8.952442110958964,230.43722188111576
400.0,-425889.41935307544,18,5203.0,87734.43752082948,7.936510840887324,640.0115011501213
405.0,-624164.3391488998,27,5314.0,93487.9917828916,8.866687691581879,202.7696821562395
410.0,-624164.3391488998,24,5047.0,98697.02048332695,11.23864935455754,658.0866240429343
415.0,-459022.06124074565,22,5161.0,93137.17814819835,8.875528862772502,134.21153802806367
420.0,-459022.06124074565,24,5281.0,92275.11842282565,10.420001476271295,312.1880279825003
425.0,-197291.42294302408,25,5398.0,87862.77189568414,10.519650979374585,300.4233361005379
430.0,-222416.024087071,28,5533.0,86355.60161762717,9.82116960471312,1742.0514830274979
435.0,-222416.024087071,33,5681.0,100357.37431423893,10.671109376336911,294.97390171596953
440.0,-543054.1721417533,35,5837.0,99706.1679708095,11.45700198316733,169.65635256184717
445.0,-543054.1721417533,35,6012.0,94080.24460337174,7.7173208432662905,386.6540200698824
450.0,-628105.6313326347,35,6187.0,102080.31278387178,9.019577326378146,205.39092523144643
455.0,-714522.2775827814,37,6368.0,105965.17040236882,7.626916306662153,175.32257338988572
460.0,-714644.4699697406,37,6553.0,108065.82409215675,11.26708403420355,176.41210493956663
465.0,-714644.4699697406,38,6742.0,105541.09788182804,9.37566537623225,277.1589605228089
470.0,-714644.7943435597,39,6933.0,104694.55801022894,10.205820737450878,12.736387447170655
475.0,-714644.7943435597,36,6760.0,116025.03099824094,9.331273339165946,1529.8803693764457
480.0,-904278.5792953463,30,5998.0,131206.73518144962,10.330440778719543,177.8154178411638
485.0,-904278.5792953463,20,5274.0,110373.14361805862,12.93497218208895,154.2329690553155
490.0,-498048.8398356766,16,5117.0,109256.73371925639,7.871720990356644,151.60304646357213
495.0,-498048.8398356766,17,5192.0,112182.7890748925,10.904581777350788,98.4241639149829
500.0,-251417.23754353644,20,5283.0,94165.74649772652,7.977415427432612,159.78886295218854
505.0,-212758.3773389537,26,5157.0,101514.16928583717,9.33918429871553,151.86557274935072
510.0,-212758.3773389537,27,4826.0,112573.96914829846,10.695397139738176,253.49852430819988
515.0,-158881.11127839214,28,4740.0,125146.83599698468,11.038541572500677,57.24898011295629
520.0,-158881.11127839214,28,4876.0,104943.60174210441,9.112687531103798,191.8598157103752
525.0,-94202.42549473631,30,4903.0,126460.84916526027,12.231103450179651,232.37516266022357
530.0,-217788.91950222896,32,4985.0,114997.73426821659,10.527228726066502,389.96224866458175
535.0,-217788.91950222896,37,5159.0,109938.87344622547,8.578227626938608,1930.3042623886765
540.0,-542478.7252284719,43,5367.0,112852.01338236107,10.042514714751785,310.95546448698366
545.0,-542478.7252284719,41,5520.0,116636.53188956088,11.276764580356241,1095.0731125057487
550.0,-714622.1024398875,40,5439.0,126993.22006340002,16.446989730492042,204.3471150866499
555.0,-714622.1024398875,35,5167.0,136168.93742032515,12.669622108548051,133.80847223632395
560.0,-449718.9128337167,33,5332.0,114788.73488590677,9.959051514729065,117.23103320918912
565.0,-449718.9128337167,32,5101.0,122152.58091398407,7.983430140569018,315.90673799118576
570.0,-213424.705727418,26,4306.0,123887.48021286802,14.939136980819011,305.8624082205506
575.0,-213424.705727418,22,3708.0,142115.6236610045,11.781651582253327,230.70083805689282
580.0,-144990.27714115914,20,3809.0,93224.3117027724,7.669070483538576,508.88910977164613
585.0,-144990.27714115914,22,3910.0,94511.8951004844,7.340237797070676,163.8341598694492
590.0,-134964.68727494037,31,4050.0,102782.81665642779,9.071372132999937,371.73394415801346
595.0,-226274.26137378917,35,4211.0,126340.63857206829,11.721292713362336,453.9244096887981
600.0,-397241.68207361916,43,4400.0,128388.75060518619,9.673896752273222,434.17389287846703
605.0,-547032.9100745968,44,4601.0,131679.28593547744,10.727382676800689,458.07638894130673
610.0,-547149.7755082118,44,4804.0,119769.83519970516,8.694971045898413,1125.031761939501
615.0,-547149.7755082118,45,4628.0,131039.29520671406,10.295961061947047,1186.1508495273201
620.0,-549941.7251388889,41,4115.0,140841.77747909765,11.621535924025373,462.24556862194794
625.0,-549941.7251388889,37,4303.0,144457.20255020857,11.757279526836953,307.5365050076094
630.0,-664105.4325213841,35,4360.0,129383.10676668055,8.868094000296274,305.47544912644656
635.0,-664105.4325213841,37,4296.0,143666.02707187986,10.258304841593752,412.6226917923614
640.0,-955438.8695641406,36,4465.0,120422.31954891587,8.379714285813128,851.5835268901689
645.0,-955438.8695641406,40,4606.0,146490.52814511323,9.390348032704113,315.0617495287217
650.0,-1007761.2323611109,43,4766.0,120918.74280322818,7.808224617066009,407.65260396823055
655.0,-1007761.2323611109,47,4989.0,136183.9754124813,10.021083692046783,638.1409172491392
660.0,-1018926.3515704193,48,5227.0,135679.83011612232,9.666733974058776,290.90177620062906
665.0,-1018926.3515704193,47,5090.0,147586.9380620657,9.54470504732076,340.0984628369682
670.0,-1007761.2323611109,41,4465.0,158481.26019377864,12.301877184948594,237.1327349187278
675.0,-1007761.2323611109,32,3769.0,179639.7703403081,12.94867975095636,250.30099144635125
680.0,-527021.4523927728,24,3525.0,132019.47411178838,9.135403796715671,199.7710473682571
685.0,-527021.4523927728,24,3623.0,139595.61405720346,10.52431869796426,299.25335351587256
690.0,-253913.942598823,29,3599.0,129151.9231580003,9.611119104976233,314.67409979380176
695.0,-235865.9465790068,28,3281.0,124680.98578923951,10.135861196699613,341.56932066904596
700.0,-235865.9465790068,29,3168.0,128772.55878747322,10.136761937502726,973.4273572524855
705.0,-205255.48388778846,33,3193.0,131681.17193658566,10.004038021736905,1974.114493986267
710.0,-205255.48388778846,33,3336.0,124107.46625008722,9.325705466456633,703.8765299732099
715.0,-99257.23028958892,39,3511.0,134324.5476478839,9.990376874019052,122.97727888588159
720.0,-99257.23028958892,44,3724.0,131292.87613783716,9.524249597486516,705.1002014888178
725.0,-369139.7608779944,50,3965.0,150856.9492158802,10.896069408258473,1435.2096437577247
730.0,-369139.7608779944,53,4222.0,144290.3976482149,9.575449965783182,862.8334622773598
735.0,-628019.6432578911,56,4499.0,149240.26037643425,9.521107269864007,386.5486612977991
740.0,-628105.447027037,54,4563.0,151764.87505704132,10.000834232051858,1174.6809577467734
745.0,-628105.447027037,47,4404.0,164150.74201103637,11.621365045449545,275.68809427583653
750.0,-329889.15504621435,43,4616.0,151691.6896314071,10.770831576500871,1344.329687417709
755.0,-329889.15504621435,43,4542.0,145736.51801509474,9.670192420124966,238.51412164675736
760.0,-150270.39012847794,41,4124.0,151171.6578318953,12.173832888637895,202.93784183061058
765.0,-150270.39012847794,40,4326.0,156938.7308063777,9.497704176184493,417.7905439352809
770.0,-508197.798831207,47,4543.0,148699.7626819605,9.607955577164923,602.7898822148028
775.0,-508197.798831207,45,4705.0,154667.54866956762,10.40687921729781,497.73393676389986
780.0,-628100.5531431388,45,4716.0,141178.8054421652,9.614694104489303,406.96530658201465
785.0,-628100.5531431388,43,4573.0,146750.18827915937,10.081773837493188,559.4095521503696
790.0,-326130.40066185186,44,4376.0,141843.43324013517,10.017653640057272,1833.4005933380017
795.0,-326130.40066185186,36,4565.0,144078.66863108365,9.907186968608398,323.3058227946097
800.0,-205352.13678934553,36,4638.0,136255.89599198272,9.163563267997654,431.1762906176431
805.0,-205352.13678934553,34,4373.0,140763.69397951753,10.982855209207187,654.6010978833085
810.0,-573424.715431942,37,4087.0,143525.70300598303,11.445412183956451,344.3582027994705
815.0,-573424.715431942,41,4113.0,151203.07110033958,9.975580611455602,359.5209644616667
820.0,-904421.282299351,38,4129.0,142036.00081941774,9.809383939258469,425.58335497247907
825.0,-904421.282299351,39,4022.0,140001.05726330902,9.361988103569672,474.2797742997966
830.0,-574318.9585830467,43,4233.0,149818.04770515428,9.809475346646293,499.4312302060376
835.0,-574318.9585830467,45,4436.0,166361.2428561134,10.388712406911559,442.1548308064645
840.0,-257854.00886219458,47,4660.0,175487.43707347792,11.478007720310185,82.80426666334208
845.0,-257854.00886219458,52,4910.0,184189.39536920917,10.937138734700195,434.45487193593544
850.0,-466490.88865112234,54,5113.0,180537.318511488,10.566301494052784,580.1034488218407
855.0,-669005.6116705618,54,5282.0,164953.40941553173,10.89568006592074,388.6018222587428
860.0,-669005.6116705618,56,5528.0,154259.53171411884,8.845523261090115,224.35584554310645
865.0,-904470.4069661843,58,5814.0,155449.23536200525,10.50840585946029,320.2491542403332
870.0,-904472.6849999997,54,5619.0,155266.814211654,9.998392962726466,3904.210993853543
875.0,-904472.6849999997,43,4987.0,156327.51613500554,12.038580597894171,455.37708989097126
880.0,-904472.6849999997,37,5140.0,161804.46630529535,10.83384298559642,588.0256223184037
885.0,-904472.6849999997,34,5315.0,140442.43796309613,8.941225477320327,355.3942310635892
890.0,-1007761.2323611109,38,5492.0,152701.2296277679,9.785896529899102,272.633707517827
895.0,-1007761.2323611109,43,5656.0,143891.14634792675,8.874683361205719,764.4744580339842
900.0,-1007761.2323611109,49,5867.0,165062.91798588497,10.911896384853772,518.8926649384965
905.0,-1007761.2323611109,52,6106.0,176481.71173893643,11.228490415967421,333.7957679671673
910.0,-1007761.2323611109,49,6120.0,170825.28815705737,10.45206264129878,304.3758277881508
915.0,-1007761.2323611109,45,5751.0,152135.99734412483,10.412004951256272,411.8652310873579
920.0,-1007761.2323611109,39,5562.0,162661.8454336569,10.140413259192488,381.3168532879623
925.0,-1007761.2323611109,30,5543.0,147300.55393019947,10.163336457586286,390.7717652948204
930.0,-1007761.2323611109,28,5677.0,158351.3120263627,12.61833353748837,249.39284837539313
935.0,-1007761.2323611109,34,5638.0,137229.6556757807,9.536459698518243,299.08346539283906
940.0,-1020046.750514469,36,5210.0,146869.04426508286,11.165759500419393,772.5356130646151
945.0,-1020046.750514469,34,4735.0,152277.75124971557,10.069890196209753,411.5806900671057
950.0,-641892.2882521548,31,4867.0,133472.30423305425,8.947615174790243,237.37989411374468
955.0,-641892.2882521548,33,4839.0,136652.09070369918,9.34198856755733,248.81911738106123
960.0,-270085.152580653,28,4719.0,149782.93476770955,11.267540985677433,309.77660942215726
965.0,-268852.79635233997,29,4653.0,136505.50932419303,9.477578391384693,408.5297879942764
970.0,-268852.79635233997,34,4420.0,158654.84851076495,10.798555237310042,185.233973939887
975.0,-310177.0394137553,38,4597.0,134429.71522432845,9.477483757017245,238.28493495742813
980.0,-310177.0394137553,39,4786.0,147162.761691598,10.480156342959088,334.3004950737885
985.0,-222057.08361687776,44,4989.0,165416.33742098178,11.585012206455637,316.4563303487174
990.0,-219877.62189451823,44,4768.0,142828.21337094894,10.095199948871306,523.8128959753477
995.0,-219877.62189451823,38,4135.0,161648.97477413298,11.369920673262923,672.5059882553664
1000.0,-209961.0189260664,34,3938.0,132722.52161091176,10.063635833043044,202.9956115208844
1005.0,-209961.0189260664,34,4096.0,144705.06224558392,10.24388657011606,1144.5766930617751
1010.0,-119175.96849908662,42,4285.0,132893.6589722252,9.078414969543765,188.0081391730523
1015.0,-149300.81986916455,48,4513.0,143236.0023887816,9.69891893857378,132.95468676935369
1020.0,-305847.88016826083,53,4734.0,149176.90856155517,10.21159652822418,2647.3358595208842
1025.0,-471560.50757560943,50,4918.0,158891.3807491597,10.56523772930954,266.6455766698185
1030.0,-471773.99750964076,51,5157.0,155587.59473237584,10.27421448675323,320.57148997774306
1035.0,-501907.32331423694,54,5402.0,147882.90389642454,9.810134180907479,114.74072803352753
1040.0,-471777.4190277778,52,5194.0,150163.89009388722,10.592540241151712,196.43627579422827
1045.0,-547150.1427777779,48,5046.0,147763.5261352734,10.676652633934225,188.9452952915365
1050.0,-547150.1427777779,40,4963.0,161061.2814463955,11.429188005405495,347.4363496252116
1055.0,-576987.178547394,42,4958.0,154562.88737657687,9.96837712239682,200.8653899978062
1060.0,-467312.43918722234,44,4979.0,152221.78845030835,9.058181706506389,263.2224158910692
1065.0,-467312.43918722234,48,5174.0,150663.44057520462,9.298440375122958,291.199937047179
1070.0,-357814.6823181233,47,5159.0,162128.24010769566,9.860607775710072,620.9281465235483
1075.0,-357814.6823181233,41,5166.0,174774.56177449334,10.796063863535956,311.42856713838717
1080.0,-397623.7143707496,45,5177.0,155958.3042690875,8.824837609417452,430.5319844173308
1085.0,-614102.0537761371,52,5276.0,169646.70000591004,10.887047376259083,360.885792817287
1090.0,-614102.0537761371,50,5289.0,162249.68922226055,9.781602390124052,574.818539706622
1095.0,-1012855.298470624,51,5299.0,148111.5062473368,10.163242870368451,693.6421001042183
1100.0,-1012855.298470624,54,5458.0,147662.77627401822,10.722774603094749,272.89534882992007
1105.0,-1018927.5618055552,54,5480.0,153190.64325319283,10.119707860187182,161.62231191603735
1110.0,-1018927.5618055552,49,5517.0,162860.4199334324,8.468229047698877,242.34296967960665
1115.0,-1032885.4736111108,44,5497.0,138195.2008651339,7.361157934594422,163.25682919370166
1120.0,-1032885.4736111108,41,5670.0,151634.8287502455,8.117671782647491,290.38708297493247
1125.0,-1007761.2323611109,42,5848.0,135474.6873733963,7.350562095569947,37.641450306412416
1130.0,-1007761.2323611109,45,6034.0,135810.95900758967,7.366280219389194,45.59352442560374
1135.0,-1007761.2323611109,48,6268.0,136455.96770085013,7.610215051709174,80.74053073825779
1140.0,-1007761.2323611109,53,6522.0,143754.99033051042,7.720074600306399,381.92137606334336
1145.0,-1007761.2323611109,54,6792.0,149145.41849683487,10.109593354698173,407.09071067861345
1150.0,-1007761.2323611109,55,7064.0,146413.54143291953,9.678325839220333,167.56031224489718
1155.0,-1007761.2323611109,55,7165.0,152073.3199612024,7.9225492739838845,356.57178440186556
1160.0,-1007761.2323611109,51,7259.0,153229.11357395002,7.793701417802025,175.35579003085303
1165.0,-1023035.327577301,50,7295.0,141628.09694046134,7.236278425065937,737.8112658381121
1170.0,-1023035.327577301,53,7548.0,162827.43515213838,8.135891863757067,209.16575901151785
1175.0,-1007761.2323611109,53,7496.0,167319.13792318292,8.221437970131937,232.21663012738145
1180.0,-1007761.2323611109,48,7430.0,161137.1805115081,8.256578957596608,280.70591625460605
1185.0,-573070.3462793452,45,6793.0,174406.43318142265,11.992243533957101,134.8369457988673
1190.0,-292863.9159823661,40,6429.0,154484.55119410862,10.165241826616683,108.46327015370659
1195.0,-292863.9159823661,35,6331.0,168222.34886356007,9.577398545976777,173.16301133622778
1200.0,-90359.18188120272,38,5988.0,170607.47425622324,12.699950675642873,144.4362665660862
1205.0,-164550.07821853578,40,6180.0,155046.31558144643,10.42400173537527,214.13029478267052
1210.0,-164550.07821853578,50,6408.0,159844.0091886563,9.128147907539697,171.7914953678786
1215.0,-510554.6482471744,54,6397.0,162139.71611465194,9.08873198074156,1822.6720020842797
1220.0,-510554.6482471744,53,6477.0,189487.1890548018,10.5796313530135,392.4695595373638
1225.0,-327627.74379770877,55,6559.0,174544.40020346674,8.355301233336167,382.63803644634777
1230.0,-327627.74379770877,54,6629.0,169197.01083961147,10.395281701148356,61.48810346474324
1235.0,-164509.31723555794,53,6679.0,187390.04159232706,13.720234711409335,1144.8891410118404
1240.0,-164509.31723555794,52,6692.0,191759.77488541088,10.753405160884235,610.7673212814353
1245.0,-422411.5618098749,52,6859.0,188492.58842620533,9.473321830417934,210.98808296893117
1250.0,-501308.9356837087,53,7071.0,184090.32257409504,9.71070367946944,237.9540749281108
1255.0,-583178.7419302231,59,7352.0,167573.1488395412,7.822380321420851,184.94231506532665
1260.0,-583178.7419302231,63,7659.0,177356.53906143602,7.766605181359724,354.9035936274561
1265.0,-628106.03125,64,7979.0,182711.90855852718,9.798043379677509,239.9070004371771
1270.0,-628106.03125,64,8238.0,178633.318047633,7.735731063403707,258.24450624766513
1275.0,-806624.8109490122,62,8458.0,187186.27367765698,7.905291272194377,685.616540049096
1280.0,-806624.8109490122,64,8732.0,182930.90928739408,7.618769629593861,320.68469717582263
1285.0,-1007714.5208389121,67,8827.0,181311.59594504267,7.883972257752596,414.967511639647
1290.0,-1007714.5208389121,63,8925.0,191503.33770246268,8.198149934266361,470.77845528314595
1295.0,-544057.2053781206,62,9023.0,181931.85041536615,7.525224138696757,204.42625077049496
1300.0,-544057.2053781206,60,9275.0,181551.55490918574,7.746029934171191,570.6918679171011
1305.0,-331075.87322324,56,9361.0,188771.3898502616,10.468897271836823,674.8721700143556
1310.0,-331075.87322324,56,9440.0,192480.16658309064,12.497311474471994,815.1656142644633
1315.0,-73283.54432645351,57,9320.0,184531.0771846502,8.324036691832385,422.29042015611014
1320.0,-73283.54432645351,58,9614.0,200601.99167432502,13.890269768366416,260.2819872139974
1325.0,-108506.57069364197,61,9913.0,184491.6129151975,6.742156716074038,389.64633196755466
1330.0,-108506.57069364197,69,10236.0,196208.91394616215,7.267614158189412,760.568024939224
1335.0,-327770.36933751317,71,10578.0,199331.68662312458,10.126719674898808,2501.072878610457
1340.0,-327770.36933751317,73,10941.0,208788.76005981833,7.836909108977355,767.1438214372922
1345.0,-748307.2866036859,74,11102.0,219645.10625363403,10.496292776889412,374.20996981649915
1350.0,-806528.4009983684,70,11245.0,213973.0615371694,9.785164844540471,426.3997976075574
1355.0,-806528.4009983684,74,11455.0,206972.65178840683,10.369645288737342,652.4736357757721
1360.0,-1022136.3464422871,75,11434.0,199458.37814185576,7.341809401612777,4636.750491535285
1365.0,-1022136.3464422871,70,11407.0,250542.62228255894,14.996088916296637,468.6964764996563
1370.0,-1007761.2323611109,65,10996.0,215110.0975854397,11.100699055497081,132.0254889864034
1375.0,-1007761.2323611109,68,11326.0,204730.83828540042,9.778317883959923,526.4077672630666
1380.0,-1022792.8061506029,74,11436.0,201954.9943033532,7.6603965381919865,2974.823297949942
1385.0,-1022792.8061506029,70,10995.0,218627.66790777585,10.748245061029259,342.75581540309713
1390.0,-496463.9109540335,60,10852.0,216927.94748379415,11.902167235369966,412.6475178721739
1395.0,-496463.9109540335,54,10808.0,226194.31190002395,10.39842727310759,377.9513844796909
1400.0,-181715.5466384921,53,11058.0,214609.0077384701,9.278894402677414,257.5617478210856
1405.0,-214786.31138517777,57,11327.0,197423.92867798038,10.108654507059962,306.97522051537794
1410.0,-214786.31138517777,67,11638.0,201432.53751706914,9.13270781062291,489.5677360766633
1415.0,-572159.9969726152,72,11982.0,204195.85279359308,11.017182725957545,509.7118228784717
1420.0,-572159.9969726152,72,12338.0,216861.90419418854,11.05351068388101,720.1783757665003
1425.0,-628105.3242894027,71,12422.0,194217.9456035415,9.34548908942563,674.8527485538963
1430.0,-628105.3242894027,61,12333.0,222412.9301348125,14.044032484462093,581.2241873335066
1435.0,-351004.97512562224,62,12362.0,191864.99449209264,9.732576807424156,659.677358997638
1440.0,-351004.97512562224,61,12659.0,194549.78641462047,8.901003008142517,488.4832185306252
1445.0,-93320.5223472928,62,12949.0,207147.71488579077,9.888145908172007,608.584144677541
1450.0,-93320.5223472928,67,12830.0,205810.77076690597,10.188800326655029,1039.454234292069
1455.0,-370475.0176089764,65,12376.0,217921.6418007184,10.519047003478176,507.0490413347668
1460.0,-370475.0176089764,60,11136.0,234811.47169707852,11.998488725045547,242.0294224926708
1465.0,-547143.1240707389,62,11231.0,214272.95754785545,10.004605234855195,321.6103619200131
1470.0,-547143.1240707389,64,11530.0,211134.5145180701,9.213526295451139,479.82771566523434
1475.0,-812514.1200284034,67,11857.0,214370.3674131847,9.865788930164722,248.73088983479627
1480.0,-812514.1200284034,65,12040.0,235209.18704962585,10.080330572901744,394.45496885126914
1485.0,-904405.8898614454,66,11976.0,223136.9997429055,11.237704684940029,312.9908948954705
1490.0,-904472.6849999997,63,11790.0,204721.10681124087,11.232606279332428,518.2626361682419
1495.0,-904472.6849999997,60,11550.0,229988.73216600774,12.345259504556552,548.9568761392347
1500.0,-455623.21316981723,53,11657.0,202931.73093832086,9.664920636034836,510.02486784734015
1505.0,-455623.21316981723,51,11902.0,174846.8456554506,8.591982045396275,257.2367652750784
1510.0,-259688.15583875446,58,12158.0,180908.56168342324,8.971399363991448,1278.1388593420604
1515.0,-259688.15583875446,64,12439.0,202905.319136487,10.368382099692642,550.1607448846771
1520.0,-401096.0255899458,69,12749.0,186540.0958906849,9.839588055978862,246.55796074873592
1525.0,-401096.0255899458,71,13075.0,186337.05255259163,10.287839039041337,156.69170591343962
1530.0,-717344.3928736387,69,12936.0,190575.1315935254,10.103766705158854,901.6845960071618
1535.0,-720077.3726090408,64,12573.0,198286.60760370223,10.703364042404317,601.8249682952909
1540.0,-720077.3726090408,56,12221.0,192946.24951843295,11.549721155374712,287.9397299048415
1545.0,-333228.229470447,57,11998.0,193536.2650779498,11.213968749281344,123.22676541801869
1550.0,-126617.10083503324,55,12103.0,179128.55362384423,9.576065940498879,65.32479796855134
1555.0,-126617.10083503324,56,12359.0,191862.23469769125,10.144379054285302,274.62515586594986
1560.0,-79614.53863328672,61,12646.0,196548.10104336942,10.390975876693581,611.7299879646528
1565.0,-133274.8972522815,64,12957.0,185587.088620115,10.076233464672665,303.19016617019946
1570.0,-275854.6937350347,67,13283.0,186558.27136036992,10.472056091922306,245.76251125689078
1575.0,-401752.0321929704,66,12988.0,176282.2139625571,10.301443488831382,338.8467678543679
1580.0,-401752.0321929704,61,12836.0,200214.29206508305,11.959070775973261,756.576527165952
1585.0,-157159.00815441165,52,12651.0,177123.8379050381,10.16540892946161,493.60468878242307
1590.0,-157159.00815441165,51,12479.0,177767.12206991483,10.307007386965173,412.1408026374621
1595.0,-113134.67358138236,48,12656.0,170976.61265693736,9.793599713245188,514.9677555958586
1600.0,-113134.67358138236,49,12854.0,175563.61142269874,10.204301508200764,2573.2728633791153
1605.0,-359358.96153617365,60,13133.0,170887.99110879615,9.479012769436032,2772.2711545237307
1610.0,-359358.96153617365,65,13427.0,185006.76164888742,10.22164667283181,418.2514170503463
1615.0,-547147.1318839783,66,13512.0,184841.2053042999,9.95151912414766,332.71497498296645
1620.0,-547147.1318839783,61,13109.0,190226.75027133868,10.610365377380562,417.35440020958464
1625.0,-634631.084126637,55,12686.0,216324.21061233393,11.768930837595335,390.96429747186636
1630.0,-634631.084126637,49,11907.0,189529.9864470946,10.288111055451287,212.90398006030503
1635.0,-714645.0844444444,47,12068.0,198373.98519000097,10.721534556164436,258.50501681346736
1640.0,-806767.3023611108,47,12221.0,169123.8716130894,9.300877281699371,242.47159947759664
1645.0,-806767.3023611108,54,12320.0,167166.3236840404,8.851674566851486,783.8797965579561
1650.0,-806767.3023611108,54,12446.0,202024.26575833006,10.888111462492933,534.0502439517379
1655.0,-422235.8446765718,54,12443.0,187458.52260010684,9.727667683334166,518.6513998355404
1660.0,-422235.8446765718,58,12719.0,180707.3396267278,9.261223273889815,219.22755466380238
1665.0,-168159.39451912555,62,12503.0,186766.32711640175,9.668894198158439,382.6152111821481
1670.0,-168159.39451912555,59,11745.0,211014.36838621926,11.105036076744875,332.000449425709
1675.0,-354646.6006555781,51,11438.0,203420.5508771432,10.471037255597786,403.89097629452795
1680.0,-542107.1336714821,47,11312.0,187815.10629666835,10.029902263335515,429.52606917637024
1685.0,-628077.5208379889,45,11330.0,178398.52242040052,9.732045086870812,385.7078921728527
1690.0,-714643.6898214273,48,11351.0,169012.28723701066,9.183440857901243,419.75353312357026
1695.0,-714644.8275314815,55,11597.0,178683.5643519289,9.679991575519283,1027.448855311063
1700.0,-714644.8275314815,64,11884.0,176542.4729595696,9.963082183599484,246.95594904404368
1705.0,-806526.2420224642,67,12010.0,178440.88160579666,10.211125851294195,434.9191884179085
1710.0,-806526.2420224642,63,11986.0,201083.05880185083,11.002993126752402,755.4400486092346
1715.0,-904462.5125347635,63,11988.0,171934.91588392423,9.7036205348949,481.0636130438784
1720.0,-904462.5125347635,59,11617.0,186938.30718986382,10.552114872299805,349.27371992407296
1725.0,-472395.540147581,55,10753.0,216587.6741707521,11.552185315136434,815.4883935304476
1730.0,-472395.540147581,51,10530.0,186509.4985919511,9.944744322531799,358.62147011741854
1735.0,-161008.32791949654,46,10749.0,189873.7248121989,10.279309750265707,342.9692140852826
1740.0,-161008.32791949654,51,10981.0,186652.73043623375,9.880257073910009,270.93092261489664
1745.0,-414424.531020152,60,11262.0,181331.5246574387,9.320216283513949,1294.5044848850832
1750.0,-649255.5207958105,66,11571.0,186323.3744991857,9.810481033384526,450.7638199616764
1755.0,-831696.3882715143,69,11910.0,215828.2666288935,11.105106488760024,321.88840296970295
1760.0,-831889.629407772,70,12120.0,201285.21491454646,10.338918275252475,364.62998110962053
1765.0,-831889.629407772,67,12319.0,198912.29379790675,9.97764785463051,922.2423195319185
1770.0,-990529.6714633311,67,12545.0,212819.22608932861,10.848336395400345,458.0667424858774
1775.0,-990529.6714633311,64,12680.0,206071.99468013123,10.57385181115454,667.9345195606238
1780.0,-1032885.4736111108,62,12785.0,188561.02414596415,10.142440835133764,204.8789492153732
1785.0,-1007761.2323611109,63,13051.0,186835.4071418048,10.0408071022377,1885.9647841504857
1790.0,-1007761.2323611109,66,12843.0,183794.1973021011,9.931369595866256,1340.6419640508188
1795.0,-1007761.2323611109,67,12124.0,205898.55001948276,11.171297824294484,554.3664333652728
1800.0,-1026703.8365368444,60,11878.0,193235.9913139856,10.719734455364271,369.917856123953
1805.0,-1026703.8365368444,56,12137.0,171099.57334727154,9.445356734040718,388.7797971175788
1810.0,-1007761.2323611109,59,12424.0,192864.26777627587,10.5006908963984,420.7249729056063
1815.0,-1041135.2383128228,64,12736.0,188406.05303789402,9.647881333781626,475.66360507242416
1820.0,-1052426.3885834315,67,13064.0,201929.7312841726,10.068605092835952,495.44311521102594
1825.0,-1052426.5501388886,71,13411.0,200063.65393136756,10.019993277336372,2946.3748209456103
1830.0,-1052426.5501388886,75,13116.0,196846.53195827713,10.01721875038036,546.851184427408
1835.0,-1057695.471160803,65,12813.0,234205.58286134474,11.603603352571543,495.52781121090754
1840.0,-1057695.471160803,56,12449.0,212768.5762117012,10.50165391040239,331.66981193674854
1845.0,-1092613.244499663,51,12675.0,199995.55658101843,9.928455787448613,415.1810575407129
1850.0,-1108161.2491481435,52,12863.0,219269.22155011442,10.51375183243407,424.14634754223533
1855.0,-1080627.0386382677,55,13092.0,175081.82089231818,8.585213588923825,375.6230814244729
1860.0,-1007761.2323611109,60,13339.0,194387.10284484143,9.76486049900243,289.7184012344397
1865.0,-1007761.2323611109,69,13660.0,198421.63235252665,10.104936309957665,477.3115294853474
1870.0,-1007761.2323611109,74,14003.0,205254.38889082547,10.57210811826453,729.7995672955781
1875.0,-1059643.9670793859,71,14146.0,192914.48540642075,10.124851808642344,373.3690337729653
1880.0,-1063583.646390973,67,14293.0,198164.2445071257,10.575952760564912,699.9508932711254
1885.0,-1063583.646390973,63,14422.0,201659.05715249456,10.709205053728379,484.95665915070754
1890.0,-1052426.5501388886,61,14151.0,191450.44238056248,10.262879919127833,331.36174823391434
1895.0,-1052426.5501388886,54,12773.0,184623.22315472606,9.934454552274147,617.835917173124
1900.0,-1052426.5501388886,45,11964.0,215498.19050965557,11.118151467049044,366.68928344632786
1905.0,-678294.352437627,40,11702.0,189212.8583749109,9.106544018489938,277.34403172470417
1910.0,-678294.352437627,41,11902.0,189982.68821083428,9.8761762130848,450.9749297707942
1915.0,-428936.7455270556,47,11892.0,174455.53019217149,9.40329963824463,284.68717005764086
1920.0,-439973.91202007735,49,11925.0,191577.12691167166,10.46833395960635,329.7054830459647
1925.0,-439973.91202007735,52,11625.0,198268.63026989152,11.479410760604488,383.0237490242162
1930.0,-845801.722241152,54,11728.0,178048.5425179271,10.307724135116144,91.03694166545982
1935.0,-845801.722241152,55,11697.0,174912.84250068388,9.766458378163442,389.97440828656283
1940.0,-826823.5254848207,51,11654.0,177460.99960327477,10.25221230781092,256.8863338687245
1945.0,-826823.5254848207,47,11699.0,178264.70594034996,10.292234875809884,334.7254256476026
1950.0,-454014.66503060475,48,11774.0,178924.03256558356,9.891276522437039,401.61926335677026
1955.0,-405946.67338457913,54,12026.0,177718.22022494525,9.833201628513741,577.3790564699798
1960.0,-405946.67338457913,63,12311.0,181397.8351508069,10.036336068685582,969.5764829543363
1965.0,-685695.7311350609,68,12641.0,186169.4722223291,10.378346875209509,471.84560768734525
1970.0,-685695.7311350609,70,12990.0,192668.3152429703,10.710165450209244,2005.3774146698743
1975.0,-924290.0785576649,73,13350.0,200633.9967195713,10.597043690186496,234.48456775933778
1980.0,-1032883.0786476923,73,13714.0,196718.8444485776,10.220471091980086,768.8443559905705
1985.0,-1032883.0786476923,73,14079.0,195879.7465117066,10.085564137024388,1206.5432982964508
1990.0,-1032885.4736111108,76,14456.0,204257.98308502644,10.476183798112727,223.02786197634165
1995.0,-1032885.4736111108,76,14832.0,208193.1427564666,10.601865533368375,552.330675998212
2000.0,-1032885.4736111108,75,14986.0,201437.1610500737,10.27745409314884,93.21605572397718
2005.0,-1032885.4736111108,72,14472.0,206459.61983630195,10.614174100766746,358.0361584565313
2010.0,-1032885.4736111108,63,13928.0,210902.3466680406,11.088178135728795,348.80375170371326
2015.0,-1032885.4736111108,55,13564.0,215891.37102623784,11.168733590048156,207.61646974649804
2020.0,-1032885.4736111108,59,13847.0,202920.88033889697,9.484021122860913,208.1582268543129
2025.0,-1032885.4736111108,66,14161.0,200072.05480109673,9.830696436504873,342.2809570362276
2030.0,-1032885.4736111108,66,14014.0,218232.79418580947,11.266792060522235,629.7379431161924
2035.0,-1032885.4736111108,62,14053.0,208593.79209158398,10.573574165499993,866.586972486779
2040.0,-1007761.2323611109,61,14253.0,203779.36086980495,10.1456681392089,398.97511397262315
2045.0,-1007761.2323611109,65,14576.0,197342.5037815891,9.767504221565458,1315.6238635744621
2050.0,-1007761.2323611109,70,14914.0,193923.0380598228,9.463049687119462,561.2813438219116
2055.0,-1007761.2323611109,73,14858.0,196776.76281907814,10.166283921264002,151.16852220990572
2060.0,-1007761.2323611109,70,14781.0,223446.47895093853,11.413399697848476,794.8889311128307
2065.0,-475034.3128994055,65,14695.0,209691.52741131082,10.593787567137143,385.88515886474954
2070.0,-475034.3128994055,68,15009.0,203662.39702313233,10.057766542057504,282.5341548364927
2075.0,-247670.30970011698,68,15345.0,204296.27925124785,9.91753025306755,190.20642772733322
2080.0,-247670.30970011698,72,15698.0,204926.74013429426,9.92138788650755,314.43146448704493
2085.0,-385892.8238401466,75,16025.0,213629.73578883908,10.557611573599868,515.346098240969
2090.0,-714190.2439398493,76,16397.0,225147.144303016,11.412373326086,1101.7499722812572
2095.0,-717409.2696301348,73,16469.0,211702.78592799167,10.466875418519535,891.6637983975608
2100.0,-725810.1832433641,70,16562.0,231528.6612537751,11.59810072894665,536.8437007563563
2105.0,-725810.1832433641,65,16865.0,208764.42067522064,10.22478924095095,568.5628206775909
2110.0,-714644.7717602706,64,17187.0,199343.1272218992,9.82140024274291,432.85161935331746
2115.0,-714644.7717602706,65,17108.0,202886.8540028978,10.469914539334674,1165.3139909755153
2120.0,-751490.0809063995,64,17066.0,211813.84506832645,10.864339566743991,1434.125296432736
2125.0,-751490.0809063995,68,17398.0,207686.84562991417,10.191857698842234,1991.9364337433049
2130.0,-907256.4105651523,68,17716.0,200434.90335655952,9.943292233664568,1359.1906569158966
2135.0,-907256.4105651523,71,18031.0,211261.36282773747,10.382722761611527,467.97944780464286
2140.0,-904472.6849999997,71,18367.0,206883.86026160972,10.10055576850748,718.1312669464485
2145.0,-904472.6849999997,71,17793.0,216788.55941751145,10.397197127623842,758.7283123076554
2150.0,-576165.4406467509,70,17720.0,207208.3196419307,9.758353667720826,134.8798471854279
2155.0,-576165.4406467509,70,18063.0,230289.6724296984,10.786010568489402,749.3683958495083
2160.0,-311794.4226969706,68,18399.0,233241.14509893913,10.693742232477137,488.54153476291515
2165.0,-311794.4226969706,72,18751.0,235426.2052043101,10.753862103035669,401.6849164083113
2170.0,-498253.0762841972,74,18912.0,222178.55686217424,9.68632337581018,1535.7120498759573
2175.0,-498253.0762841972,75,18885.0,234165.93405537558,10.740740919995162,361.3893205142846
2180.0,-904114.1130565542,70,19218.0,234496.33634775478,10.809130464911233,600.691320671741
2185.0,-904114.1130565542,62,18497.0,216557.2835196731,10.876173169180165,823.3462230011927
2190.0,-447093.5374375781,59,17860.0,195970.32666394665,9.672549312642673,1636.3678284164998
2195.0,-287842.8141304924,57,17545.0,212255.33297805494,10.988261507897835,166.85393513271828
2200.0,-287842.8141304924,49,17336.0,213146.74369826997,10.338867214738265,542.4305902252221
2205.0,-202676.77176909475,50,17367.0,220468.94981034752,10.449090854354933,257.8341561843657
2210.0,-202676.77176909475,51,17580.0,195924.26583188702,9.01272488291073,256.8647327963338
2215.0,-515137.2461969777,58,17838.0,204315.42046785157,9.285481325607426,441.22993754065493
2220.0,-515137.2461969777,66,16551.0,236125.2279884075,11.268370133527773,458.8945249274809
2225.0,-904273.8705095473,67,15411.0,235137.22558948776,11.439970055415921,462.60319926342225
2230.0,-1007740.9154804068,71,15751.0,227538.87936281163,10.093429665377554,432.1874626670047
2235.0,-1007740.9154804068,76,16118.0,216773.75542816706,10.301624127149474,825.667450375791
2240.0,-1010552.4807011177,74,16033.0,220330.25527772706,10.783760227416128,1579.7371312052794
2245.0,-1010552.4807011177,69,15103.0,239839.0770549876,11.675451277479857,483.5018616161356
2250.0,-537723.1639650034,56,14957.0,219254.20611970624,10.060422013904418,357.00433167979014
2255.0,-537723.1639650034,56,15103.0,210147.6896197368,9.647639275354763,326.9800979005436
2260.0,-280356.28365405503,59,15387.0,203784.05903389124,9.311406982300412,261.4034898556599
2265.0,-280356.28365405503,63,15283.0,228138.18551670853,10.72670701076513,373.22359622598793
2270.0,-341884.3174536116,64,15542.0,210486.83412127045,9.776462300277133,716.6557781057961
2275.0,-341884.3174536116,63,15740.0,216207.43926745886,10.571088455969534,2568.9025681995954
2280.0,-710801.9656117897,64,16033.0,212723.14348760742,10.365278841812513,629.5963865630949
2285.0,-710801.9656117897,70,16351.0,217670.1202358168,10.42959181726533,633.2287773740734
2290.0,-806767.0452568168,73,16439.0,207960.89668805408,10.204083306010052,409.26461415455304
2295.0,-806767.0452568168,69,16310.0,224559.83603006662,11.572514474115,568.3890396799146
2300.0,-904472.6849999997,68,16651.0,203217.35921608438,9.993941313369774,583.6849841281203
2305.0,-904472.6849999997,65,16978.0,196516.1977348728,9.44842372011626,310.3083748287081
2310.0,-904472.6849999997,64,17057.0,193159.52053275405,9.987473124088165,3108.1857460070146
2315.0,-904472.6849999997,64,16960.0,215208.26734388238,11.365763432720065,1055.0680165362965
2320.0,-915638.7492415891,64,17075.0,205089.87109373295,10.135714405785452,184.16217829740373
2325.0,-936828.5599302303,69,17409.0,211224.43150452522,10.370997342134126,557.2512469910472
2330.0,-947762.2973350867,70,16479.0,204131.9677772629,10.28362765243643,1639.1692559150456
2335.0,-947762.2973350867,69,14564.0,209766.24102981214,10.364084444257228,169.17864666541354
2340.0,-542842.7984391474,68,14877.0,214682.32247887264,10.11584042121364,202.15920520518847
2345.0,-542842.7984391474,64,15154.0,216460.21013768576,10.303491424287024,436.0389711805048
2350.0,-229188.83818079278,63,15197.0,219590.88034489847,10.701836628144948,373.1247581015429
2355.0,-328794.00572029804,62,15004.0,207649.66493428522,9.943805582253278,323.41374790881787
2360.0,-328794.00572029804,64,14841.0,219238.9027558742,11.100727574115169,383.15880422301115
2365.0,-642394.2258975963,60,14961.0,214392.64412199517,10.803999004251477,1082.8660745298885
2370.0,-642394.2258975963,63,15260.0,216623.9085630658,10.884613211245016,516.4509403439746
2375.0,-806745.6626516985,65,15219.0,204812.55671844108,9.800303337795189,565.9964870779824
2380.0,-806745.6626516985,65,14847.0,204112.22179733028,10.375516673896591,720.8851005023043
2385.0,-401995.749031293,66,15158.0,195033.4818404201,10.050247848993815,207.67690710814492
2390.0,-401995.749031293,65,15484.0,197977.29688762815,9.92513315143886,1617.3812021818057
2395.0,-142613.73125947558,65,15127.0,209549.92717316543,10.161826845111781,467.82393642132723
2400.0,-226115.30817380277,63,13939.0,219245.38034761153,10.310076578511662,348.51785867759554
2405.0,-226115.30817380277,59,13829.0,234793.6263429351,10.527065234819613,263.53592838031585
2410.0,-242461.25860283838,57,13935.0,201959.9663324793,9.529648461329288,459.3409760310045
2415.0,-242461.25860283838,59,14220.0,230249.55176403795,10.9027181442014,707.0361500156195
2420.0,-120478.79178417563,69,14546.0,220925.47076890926,9.791157574354354,194.24143000281495
2425.0,-239450.29039734777,73,14899.0,224672.31838394763,9.442166142738142,341.9128560587134
2430.0,-344903.5207734149,75,14879.0,231860.7517702801,10.501259910063858,1538.6207204462346
2435.0,-554130.4508865022,71,14483.0,221453.58657751957,11.09402073654576,374.4161632605431
2440.0,-725697.412620063,63,14613.0,210721.4329413342,10.674228356351515,348.33138366882406
2445.0,-725809.2727964986,65,14912.0,208124.8134918482,10.465131774295898,571.5085705675754
2450.0,-725809.2727964986,68,15233.0,205155.09885186068,10.251392704855967,2486.341981964177
2455.0,-725811.1078273132,67,15512.0,218467.9915022195,11.258755592436293,264.8489701169116
2460.0,-725811.1078273132,70,15133.0,211112.46428334503,10.36906420296796,1455.4071053051234
2465.0,-806680.6559518345,71,14163.0,218106.18987036767,10.146786959984361,365.82353068813023
2470.0,-806680.6559518345,71,13864.0,215003.20820647257,10.180007346498686,232.4364548846934
2475.0,-816304.7723246885,67,14192.0,213625.32947885667,10.16360889867311,1456.773621010873
2480.0,-816304.7723246885,70,14518.0,219038.51138437443,10.225161431189079,330.974982907554
2485.0,-1015458.2772812947,77,14890.0,222799.55873536886,10.355944702105553,185.6086057974838
2490.0,-1032880.5998894358,79,15038.0,221916.31337042394,10.380234478710914,856.731568907688
2495.0,-1032885.4736111108,75,14947.0,233639.28897401041,10.90807988377231,683.3459775503229
2500.0,-1032885.4736111108,69,15065.0,206402.95002035584,9.964567093216854,35.717925522205434
2505.0,-1032885.4736111108,64,15171.0,216978.94816564338,11.203483337138088,94.75416712231981
2510.0,-1038023.0678759592,58,15055.0,211185.3981426115,10.305113906621514,191.1837263380708
2515.0,-1038023.0678759592,61,15326.0,199312.45034782012,9.04248729929057,539.315114876929
2520.0,-1007761.2323611109,68,15651.0,201902.51982999677,9.64462448954435,494.53891654782285
2525.0,-1007761.2323611109,68,15072.0,212283.6771302462,10.945159197743148,705.6879187676444
2530.0,-1013343.8599524581,60,13383.0,203181.8448594447,10.702416404498026,621.9167659745555
2535.0,-1013343.8599524581,44,12709.0,190339.12352619064,10.257021123359154,258.5386030541757
2540.0,-545186.820882562,45,12916.0,169709.9344586717,9.584065102061533,394.77668574657696
2545.0,-545186.820882562,47,13086.0,168280.05825209012,9.157288985012984,585.5448620611957
2550.0,-332511.8398058501,50,13157.0,173376.65012209275,9.431556883502056,318.97309884391285
2555.0,-363779.835749091,51,13110.0,182147.14183191583,10.249421697894874,376.8468927650636
2560.0,-500483.05460614304,56,13159.0,175845.49099159183,10.31087644443052,840.6142575264289
2565.0,-769752.6133449925,56,13015.0,172728.81580315199,9.190751606877793,314.0254531796508
2570.0,-769752.6133449925,54,12858.0,175379.4592661393,10.132518453694974,871.7134677938675
2575.0,-574918.8004490269,48,12572.0,174025.55255093053,9.946782850425937,159.84188097195525
2580.0,-574918.8004490269,47,12678.0,161410.80172410747,9.061179047641406,127.61104500696322
2585.0,-336130.5560895946,48,12916.0,175925.20994015154,9.701891732239222,145.7164510819499
2590.0,-336130.5560895946,49,12561.0,172232.28663596377,9.828617990349805,212.8743203082264
2595.0,-175472.48411160137,53,12814.0,178658.16572220338,9.800234785437713,228.09309982459266
2600.0,-175472.48411160137,53,12918.0,204825.9876780728,11.371354922694097,498.9580178577658
2605.0,-213992.19257961272,52,12994.0,208831.04941164615,11.897543569606487,309.0806506426863
2610.0,-294065.54660421953,53,12909.0,194406.41889320343,10.115988659583374,321.64177786294437
2615.0,-294065.54660421953,49,12671.0,183011.32908028012,8.742761569580463,173.48476374581128
2620.0,-390225.7463737637,49,11977.0,199776.2711166849,11.167325432605942,821.4448296566615
2625.0,-390225.7463737637,51,12238.0,202375.82594377216,10.225633644689191,682.8461132696426
2630.0,-497253.82667926716,52,12495.0,200957.43698991465,9.781332752918695,653.9965931816612
2635.0,-532911.7977648461,57,12698.0,199264.42764803197,10.215079198917197,1554.6100365116215
2640.0,-757324.1826424666,60,12877.0,198172.4639989626,10.70386497713868,785.6410101899457
2645.0,-904247.2205846126,59,13122.0,190325.2570206251,9.942301235164521,633.9590009999245
2650.0,-904467.7284875504,59,13088.0,189232.96650057117,9.939204048444202,2560.671470014305
2655.0,-904467.7284875504,55,12112.0,208490.08965988798,11.520981070196257,2923.0354198683294
2660.0,-499819.06097791,50,10680.0,196263.12465515986,10.174508272267833,491.1049174024402
2665.0,-499819.06097791,51,10217.0,180867.36282496352,10.023679319803325,212.09626658645823
2670.0,-158936.14395448854,47,10430.0,175142.08073051568,10.097100059942651,1027.581163944389
2675.0,-158936.14395448854,54,10667.0,182216.5557249381,10.022048188659555,289.6782079313432
2680.0,-360063.43798571813,65,10967.0,184563.3480780691,10.122651207231115,437.8985363733267
2685.0,-360063.43798571813,71,11307.0,186315.70081602625,10.496662893429722,0.0
2690.0,-558290.5244251115,65,11384.0,181877.89033519334,10.458284035172522,2043.316840434699
2695.0,-547150.1427777779,65,11475.0,224115.90628174949,13.532193515141818,371.8372850357159
2700.0,-547150.1427777779,66,11803.0,203766.43416092327,11.092624745958478,384.0766929535357
2705.0,-628104.5237596949,67,12132.0,183078.594669577,9.573575582380691,1587.7364867434267
2710.0,-661377.2525300108,67,12351.0,203666.5732834075,10.215763406986946,497.81925054498936
2715.0,-811426.9254233716,63,12565.0,201414.7993466375,10.786104479568365,364.51240740231646
2720.0,-811426.9254233716,56,11843.0,205383.75345918754,11.825027566722529,702.1300153072797
2725.0,-904472.6849999997,52,11173.0,207331.908887177,11.044245072991375,527.9848213562858
2730.0,-904472.6849999997,46,11137.0,185685.8162515982,9.188345779287578,350.36524599416634
2735.0,-672524.802973246,46,11118.0,173072.17274657526,9.358937223087187,595.2640040146777
2740.0,-672524.802973246,49,11351.0,180726.25473807243,10.053785997138746,377.34964770571935
2745.0,-369973.7097226543,52,11381.0,178071.74640616155,10.418264334692854,513.9266654289098
2750.0,-369973.7097226543,51,11513.0,182520.54805775758,11.229984624139925,380.6793725386163
2755.0,-454564.36546709423,59,11792.0,172747.4675981574,9.092113658624996,934.0745457955896
2760.0,-661826.400298288,66,12107.0,182691.41443644546,10.450677388084134,136.62347746592607
2765.0,-812273.922718635,65,12396.0,184537.4188106892,11.10312919921528,577.3083859701591
2770.0,-812273.922718635,69,12721.0,185970.84156557932,7.858319543088379,515.1828564286525
2775.0,-1012549.1081899026,65,12758.0,184178.07909533606,12.63390805232002,459.77303191158455
2780.0,-1012549.1081899026,59,12905.0,185971.5032126869,11.108339084178567,609.6411978178252
2785.0,-1007761.2323611109,51,12679.0,194655.45671428108,11.58878740962638,326.73403479424405
2790.0,-1007761.2323611109,44,11917.0,204601.64014137097,12.665537263537516,316.62279078719683
2795.0,-1012912.0475081529,47,12135.0,176670.57746081275,9.143424759162716,443.59252456149795
2800.0,-1025415.54451296,50,12375.0,181822.48679740797,9.361507940699887,503.4050561970567
2805.0,-1025323.8957480921,61,12656.0,191320.1825239023,9.662788489982228,1186.0491747989045
2810.0,-1025323.8957480921,64,12950.0,197266.63030715246,10.457610895582167,681.3107452371736
2815.0,-1007761.2323611109,64,13243.0,208649.57379177975,10.721650683922043,344.36562425323604
2820.0,-1007761.2323611109,62,13363.0,193171.20893937373,9.991809949804924,541.6798115471196
2825.0,-1018926.9252405443,60,13312.0,194528.97089718294,11.169262307054058,244.80533654585207
2830.0,-1018926.9252405443,50,12844.0,173367.7868900458,10.1356424982522,913.3696289620211
2835.0,-577806.2837200231,46,11856.0,185078.8053377028,11.100721617872766,684.0313783989948
2840.0,-577806.2837200231,41,11101.0,177377.5763191369,9.130019425052437,415.4282603584448
2845.0,-308253.6763697067,41,11292.0,179450.76582382945,12.065336442474184,410.4522860102501
2850.0,-308253.6763697067,49,11483.0,168931.49108661604,9.747447109801797,499.99273842071324
2855.0,-391354.52020293137,58,11726.0,181439.48449394482,10.076903827230158,421.12174209914167
2860.0,-391354.52020293137,62,12004.0,178632.28381426356,10.865195508057445,265.4036600475903
2865.0,-773940.394218794,67,12329.0,187093.16596589808,11.366238035417513,1592.9454899416726
2870.0,-817927.8085031149,67,12626.0,177958.57971672603,7.724353340765606,399.8996821419661
2875.0,-817927.8085031149,62,12520.0,183951.46627550086,15.91592206737013,1333.6539558809534
2880.0,-979051.2884334057,58,12629.0,179952.85741442034,11.70767569344093,51.983159741968024
2885.0,-979051.2884334057,53,12860.0,175672.10646618216,7.899445837217297,1376.115663225679
2890.0,-1007761.2323611109,52,13112.0,171519.96517094015,9.289235811914976,158.83736950074154
2895.0,-1007761.2323611109,52,13186.0,176576.2046984511,9.543540991948651,315.59440847618015
2900.0,-1007761.2323611109,54,13082.0,175428.02381845386,10.275380901012534,571.6965318787683
2905.0,-1007761.2323611109,48,12593.0,169957.22826478217,12.741459124038261,341.9540765166184
2910.0,-586797.0686387799,40,11176.0,162905.8987573583,11.199466462492158,1518.5068138645877
2915.0,-301611.02392469795,34,10601.0,168797.1923824423,10.388712820642576,345.5642949158573
2920.0,-301611.02392469795,30,10730.0,153944.64387590386,9.482904057931899,293.8144258608263
2925.0,-168560.60052948017,36,10863.0,149749.33595875034,8.682233828925527,295.5302312869974
2930.0,-168560.60052948017,40,10419.0,156749.41366382383,9.930099469212509,900.7470397479078
2935.0,-205701.03941871773,44,10257.0,179830.14250490893,11.679811893741956,846.7608926433143
2940.0,-274362.40559008915,44,10215.0,169939.48626963576,9.677081538866032,2551.7444221971864
2945.0,-274362.40559008915,43,10364.0,160277.90333837486,9.808570650159735,219.07267228308754
2950.0,-399724.31343439745,50,10593.0,161336.99275054858,9.716949486792771,225.2905757211884
2955.0,-399724.31343439745,54,10297.0,154957.96388664396,8.772397778593142,692.632481428168
2960.0,-714565.2457077052,52,9784.0,177179.37482856849,9.917817364659095,451.7048599954985
2965.0,-806762.4870488169,53,9925.0,177169.78000407602,10.914191791231039,500.23512041064635
2970.0,-806762.4870488169,52,10021.0,155472.50018638498,10.192489222694205,171.55673637340544
2975.0,-846521.8636726561,46,10133.0,173984.85639639923,11.107748902826547,304.6820244651855
2980.0,-846521.8636726561,50,10279.0,170378.9412082751,11.002797166930192,493.1210835384038
2985.0,-1007760.3791235231,50,10505.0,150409.90589537032,8.452257326051964,544.3771455381074
2990.0,-1007760.3791235231,52,10711.0,162661.06047093016,10.287476009620894,261.27283594215635
2995.0,-1007761.2323611109,57,10960.0,168267.10832556855,9.771611666622476,226.24275283862596
3000.0,-1007761.2323611109,57,10670.0,155916.38082109322,9.828541361723186,2946.0734893117806
