step,system_total_stopped,system_total_waiting_time,system_mean_waiting_time,system_mean_speed,1_stopped,1_accumulated_waiting_time,1_average_speed,2_stopped,2_accumulated_waiting_time,2_average_speed,5_stopped,5_accumulated_waiting_time,5_average_speed,6_stopped,6_accumulated_waiting_time,6_average_speed,agents_total_stopped,agents_total_accumulated_waiting_time
5.0,0,0.0,0.0,12.245610471943735,0,0.0,1.0,0,0.0,0.9236862915940883,0,0.0,0.8987355594353944,0,0.0,1.0,0,0.0
10.0,0,0.0,0.0,12.914056970572242,0,0.0,1.0,0,0.0,0.963617621095722,0,0.0,0.9742049192252862,0,0.0,1.0,0,0.0
15.0,1,1.0,0.16666666666666666,10.455694411837653,0,0.0,0.9832721079576657,0,0.0,0.9800486983979534,1,1.0,0.6049461118470857,0,0.0,1.0,1,1.0
20.0,1,6.0,0.6666666666666666,9.836619686591185,0,0.0,0.9174043055310094,0,0.0,0.8844515509034051,1,6.0,0.48110060123733256,0,0.0,0.9158160772222794,1,6.0
25.0,3,17.0,1.5454545454545454,9.298584526262433,0,0.0,0.5112993273887618,0,0.0,0.9144316139481594,3,17.0,0.3855780130236668,0,0.0,0.9869513236094478,3,17.0
30.0,5,35.0,2.9166666666666665,7.904284350694584,1,2.0,0.0,0,0.0,0.9974516809205994,4,33.0,0.29542829227280665,0,0.0,0.9374065159507577,5,35.0
35.0,5,55.0,4.230769230769231,7.927769460864165,0,0.0,0.9929427910701056,0,0.0,1.0,5,55.0,0.16672161506507835,0,0.0,0.8795250952290168,5,55.0
40.0,5,80.0,5.714285714285714,6.8696858629834585,0,0.0,0.9627620894909283,0,2.0,0.9259275740106325,5,80.0,0.0025081244478705692,0,0.0,0.6427452885948184,5,82.0
45.0,9,116.0,6.823529411764706,5.606514121437265,0,0.0,0.763857630307983,0,2.0,0.9227773665742429,6,109.0,0.14285981617912058,3,7.0,0.0022133418412618564,9,118.0
50.0,7,143.0,7.15,5.31302743364918,1,4.0,0.6540284890720864,0,2.0,0.36267218171642,6,139.0,0.31686438089185454,0,10.0,0.12313800182339488,7,155.0
55.0,9,185.0,7.708333333333333,6.2971641026475185,2,12.0,0.5460734064448246,1,6.0,0.6431213121973859,6,169.0,0.27144205156244594,0,0.0,1.0,9,187.0
60.0,14,244.0,9.76,5.241729993535719,4,27.0,0.21206853560149852,1,11.0,0.7204170665371944,9,208.0,0.1303417559504134,0,2.0,0.828058565581984,14,248.0
65.0,17,322.0,12.88,4.222214059577222,6,52.0,0.21370882516989734,1,16.0,0.48605731804214275,10,256.0,0.08078641733708479,0,2.0,0.9742617345909098,17,326.0
70.0,17,407.0,14.03448275862069,4.995768835875932,6,82.0,0.3933834290198188,1,21.0,0.3506375751701679,10,306.0,0.13938109958295927,0,0.0,0.9432807544194001,17,409.0
75.0,20,498.0,17.17241379310345,2.7627046826593102,7,114.0,0.17730926087945711,2,28.0,0.0008631734373915328,11,358.0,0.0028791759440287557,0,0.0,1.0,20,500.0
80.0,23,605.0,20.166666666666668,2.7266280959187688,10,159.0,0.08732282932280776,1,31.0,0.0,12,417.0,0.12328458551556239,0,0.0,1.0,23,607.0
85.0,24,722.0,24.896551724137932,2.320925064473666,10,209.0,0.08427799564832951,1,36.0,0.5,13,479.0,0.06517724987275622,0,2.0,0.9587215785950844,24,726.0
90.0,23,803.0,27.689655172413794,2.563322401823597,10,259.0,0.08850807438283871,0,0.0,0.9727606851125602,13,544.0,0.06870003521627667,0,2.0,0.9608109632972694,23,805.0
95.0,23,918.0,29.612903225806452,3.0592404784051057,10,309.0,0.22509532986479014,0,0.0,0.3975354269945283,13,609.0,0.06534301498026769,0,0.0,1.0,23,918.0
100.0,23,1033.0,32.28125,3.1283937298004725,10,359.0,0.1805451547020452,0,0.0,1.0,13,674.0,0.1285140054350433,0,0.0,1.0,23,1033.0
105.0,24,1150.0,37.096774193548384,2.0812048442378015,11,411.0,0.13590296116125403,0,0.0,1.0,13,739.0,0.06660812758303879,0,0.0,0.9258923891854747,24,1150.0
110.0,26,1278.0,37.588235294117645,2.543749293406903,12,470.0,0.1865791212547208,0,0.0,1.0,14,808.0,0.09768952224775729,0,0.0,0.9199647382204638,26,1278.0
115.0,29,1414.0,39.27777777777778,1.8217082144578884,14,533.0,0.03986469077353526,0,0.0,0.7774017197410178,15,881.0,0.11005814853578752,0,0.0,1.0,29,1414.0
120.0,30,1555.0,39.87179487179487,2.504986051352745,16,607.0,3.493807249970963e-05,0,0.0,0.9133026518117492,14,948.0,0.12082492652416518,0,0.0,1.0,30,1555.0
125.0,31,1708.0,44.94736842105263,2.183690062326457,16,687.0,0.0,0,0.0,0.8603928085951966,15,1021.0,0.0625030165741105,0,0.0,1.0,31,1708.0
130.0,32,1865.0,49.078947368421055,1.3550113506682382,16,767.0,0.0,1,2.0,0.1100377838171268,15,1096.0,0.0,0,0.0,0.9255068414349004,32,1865.0
135.0,34,2032.0,53.473684210526315,0.7398143531063792,16,847.0,0.02387081758611698,3,14.0,3.2810640571382964e-05,15,1171.0,0.00164443963124169,0,0.0,0.9055017058919351,34,2032.0
140.0,33,2180.0,55.8974358974359,1.1700621851159891,17,929.0,0.05557812698220875,0,14.0,0.20850981593243795,16,1251.0,0.04473813886705924,0,0.0,1.0,33,2194.0
145.0,34,2346.0,58.65,1.7675025903775634,17,1014.0,0.10525680541613153,0,0.0,1.0,17,1332.0,1.6055118522382495e-05,0,2.0,0.795819444360315,34,2348.0
150.0,34,2516.0,58.51162790697674,2.422271015297694,17,1099.0,0.09678379972416512,0,0.0,0.9891607677612211,17,1417.0,0.007635310467541932,0,2.0,0.9395346370739065,34,2518.0
155.0,35,2691.0,62.58139534883721,2.074787951910988,17,1184.0,0.051373953420961,0,0.0,0.9562360333841833,18,1507.0,0.05144630010210562,0,0.0,0.7935491030631301,35,2691.0
160.0,37,2873.0,63.84444444444444,1.8931334689349153,19,1276.0,0.04641830687508831,0,0.0,0.9122536966227136,18,1597.0,0.049033492525798944,0,0.0,0.6595871105870609,37,2873.0
165.0,37,3056.0,65.02127659574468,2.0585709232654876,19,1369.0,0.09136455560878723,0,0.0,0.9633873403806598,18,1687.0,0.0033293809291787104,0,0.0,0.9526363242127641,37,3056.0
170.0,39,3249.0,70.6304347826087,1.9613231454646285,19,1464.0,0.08560946404909917,0,0.0,0.9226912166341779,20,1787.0,0.08894061740359528,0,0.0,0.9640313071786637,39,3251.0
175.0,38,3434.0,73.06382978723404,2.067081882865297,19,1559.0,0.12500268489341426,0,0.0,0.014631824140449803,19,1877.0,0.09164440895785482,0,0.0,0.9709675938804582,38,3436.0
180.0,38,3624.0,78.78260869565217,1.787149727450673,19,1654.0,0.04624540646602411,0,0.0,1.0,19,1970.0,0.04690187793689776,0,0.0,1.0,38,3624.0
185.0,36,3322.0,69.20833333333333,2.2694036196556753,20,1754.0,0.045631512941083474,0,0.0,0.9681184528757609,16,1891.0,0.06486661954464719,0,2.0,0.9969881775673506,36,3647.0
190.0,34,2907.0,63.19565217391305,2.433719655716356,21,1859.0,0.042075796745184975,0,0.0,0.9052624086333397,13,1636.0,0.07443624278250142,0,4.0,0.9471822146097874,34,3499.0
195.0,28,2402.0,54.59090909090909,2.2263247474814594,19,1947.0,0.02716045581996733,0,0.0,0.926326787898173,9,1685.0,0.08324556654125613,0,2.0,0.926979006184523,28,3634.0
200.0,26,2194.0,48.75555555555555,2.4980283224836075,19,2034.0,0.04817454067669172,0,0.0,1.0,7,1725.0,0.19999132132327518,0,2.0,0.43297527674626635,26,3761.0
205.0,28,2184.0,47.47826086956522,2.6017342112452817,19,2129.0,0.09144289791136327,0,0.0,0.9488361931352471,7,1758.0,0.20919762037274106,2,6.0,0.24757673931142385,28,3893.0
210.0,30,1865.0,41.44444444444444,1.791136164841514,16,2057.0,0.07026072748215703,0,0.0,0.9751731695716055,11,1803.0,0.06640138709555189,3,21.0,0.23548253639491593,30,3881.0
215.0,33,1297.0,28.822222222222223,1.599976023106492,12,1818.0,0.08314686258382634,0,2.0,0.5494665779811053,17,1876.0,0.0026304038821234076,4,38.0,8.363808353796595e-05,33,3734.0
220.0,28,926.0,19.70212765957447,2.299647570670129,8,1862.0,0.17646283654442269,0,2.0,0.8839286184551467,16,1954.0,0.008466235520433709,4,58.0,0.0,28,3876.0
225.0,28,630.0,13.125,2.7222154246221053,7,1899.0,0.19755952053813805,2,6.0,0.17851896579622606,16,2031.0,0.11130990560938377,3,68.0,0.23987701019805557,28,4004.0
230.0,30,550.0,10.576923076923077,3.2664765372385904,7,1934.0,0.17322553364593102,3,18.0,0.439273168812061,17,2114.0,0.14080396834489903,3,83.0,0.22862498835786435,30,4149.0
235.0,32,624.0,12.0,2.566233935979547,11,1982.0,0.0463309550507798,3,33.0,0.47739525184586035,18,2202.0,0.09633260481034545,0,60.0,0.11509355744113005,32,4277.0
240.0,38,804.0,15.764705882352942,1.9391315727967247,15,2050.0,0.05473968353168859,4,50.0,0.022771855021452517,18,2292.0,0.09171103812181278,1,7.0,0.0,38,4399.0
245.0,43,997.0,19.173076923076923,1.7774613505632482,17,2126.0,0.05542179090709751,6,78.0,0.0001835642190426783,20,2386.0,0.00020951767742959058,0,0.0,1.0,43,4590.0
250.0,40,1182.0,23.64,1.7823290192883743,17,2211.0,0.002663679956488725,3,93.0,0.21911906447884208,20,2488.0,0.044920567451881166,0,0.0,1.0,40,4792.0
255.0,41,1386.0,28.875,1.7311547850111433,18,2300.0,0.0,3,93.0,0.23116278337109997,20,2588.0,0.07054282665659262,0,2.0,0.9314113761405314,41,4983.0
260.0,42,1593.0,32.51020408163265,1.6540556676390707,18,2390.0,0.09492969970667121,3,108.0,0.009666861040432058,21,2690.0,0.045181366990667333,0,2.0,0.9764481906716639,42,5190.0
265.0,41,1779.0,35.58,1.696484785341526,18,2480.0,0.08497633557585997,4,127.0,0.197226265815599,19,2773.0,0.013677632382375146,0,0.0,0.9262909452368796,41,5380.0
270.0,42,1986.0,39.72,1.7555260592641306,19,2572.0,0.003918293852599032,4,147.0,0.19562968089757105,19,2860.0,0.0,0,0.0,1.0,42,5579.0
275.0,40,2175.0,43.5,2.079612826980105,18,2663.0,0.06513538596051122,3,153.0,0.32242236989354645,19,2955.0,0.0,0,0.0,1.0,40,5771.0
280.0,40,2375.0,49.479166666666664,2.192098555593769,18,2750.0,0.09486296997373914,3,168.0,0.2339749276847849,19,3052.0,0.09110036856869436,0,2.0,0.9588168943075799,40,5972.0
285.0,37,2394.0,47.88,2.5512071616103906,18,2840.0,0.04623287586135208,0,115.0,0.6077502083545102,19,3147.0,0.13155601798902677,0,2.0,0.9645920293241921,37,6104.0
290.0,38,2584.0,50.666666666666664,3.0492799262036656,19,2935.0,0.05,0,0.0,0.625665294073473,19,3240.0,0.09046229080725215,0,0.0,1.0,38,6175.0
295.0,35,2470.0,47.5,3.065551291102949,19,3030.0,0.09256178586152015,0,0.0,0.32852545817806855,16,3072.0,0.07086179727019434,0,0.0,1.0,35,6102.0
300.0,29,1918.0,39.142857142857146,3.430554461527955,16,2889.0,0.1104313581057991,0,0.0,0.905597177459281,13,2646.0,0.06449518212851074,0,4.0,0.8819234774497696,29,5539.0
305.0,20,1273.0,25.46,4.424807328672111,11,2501.0,0.2063980877818274,0,2.0,0.9501077928494235,9,2695.0,0.0873220741091009,0,4.0,0.8898420190461463,20,5202.0
310.0,16,689.0,13.25,4.650206845256696,7,2327.0,0.277410527679067,0,2.0,0.8300284415370763,8,2732.0,0.07320953589991777,1,4.0,0.39722785234914715,16,5065.0
315.0,17,172.0,3.3076923076923075,3.8520593436777895,5,2356.0,0.23058348074876825,1,3.0,0.471884539583279,7,2766.0,0.165072050801156,4,18.0,0.00016063555019199153,17,5143.0
320.0,22,131.0,2.62,3.3451939898717744,6,2383.0,0.17195283180206125,4,15.0,0.002130539254251507,8,2560.0,0.24389787178718522,4,39.0,0.31214844823487997,22,4997.0
325.0,23,178.0,3.56,3.19750646841685,9,2422.0,0.07270550453480089,4,35.0,1.0448032645868284e-05,7,2108.0,0.24694765015411174,3,49.0,0.5784978274341147,23,4614.0
330.0,25,263.0,5.0576923076923075,2.7307596643740335,12,2480.0,0.0037277322438110066,4,55.0,0.19648307326455527,6,2135.0,0.12874375001052024,3,63.0,0.5112926658157316,25,4733.0
335.0,33,391.0,7.2407407407407405,2.461432225901829,16,2555.0,0.00023096166536437415,4,75.0,0.29037603908795895,7,2165.0,0.12358886637985345,6,85.0,0.002219278769787752,33,4880.0
340.0,30,426.0,8.037735849056604,2.4288247060535926,13,2387.0,0.08248262486244454,4,95.0,0.18652726342163423,6,1950.0,0.08623797103644955,7,120.0,0.07294269114202649,30,4552.0
345.0,23,401.0,7.862745098039215,3.52237454525408,8,1955.0,0.15973540639456868,4,117.0,0.37566862168433846,5,1511.0,0.0760071728399946,6,145.0,0.344650719614096,23,3728.0
350.0,16,384.0,7.68,3.8930761587450364,4,1769.0,0.22980911798187664,4,137.0,0.3395931074543216,2,1521.0,0.1721419501147959,6,175.0,0.3023270097939607,16,3602.0
355.0,21,382.0,7.490196078431373,2.9633423803653827,3,1785.0,0.18727074331104474,6,161.0,0.04526980838247657,4,1533.0,0.19228863039962105,8,212.0,0.008148012287502266,21,3691.0
360.0,30,518.0,10.156862745098039,2.3696754802045197,6,1811.0,0.15142634891748993,8,197.0,0.0001240346954348235,7,1562.0,0.11187276168690634,9,257.0,0.0,30,3827.0
365.0,37,688.0,14.040816326530612,1.2180498491779082,9,1850.0,0.14244922780272382,8,237.0,0.11111303833738566,11,1608.0,0.06995158813228396,9,302.0,0.0,37,3997.0
370.0,44,887.0,18.102040816326532,1.1511585586170332,13,1906.0,0.06768236477921234,8,277.0,0.10596725840350535,14,1666.0,0.04764431444829249,9,347.0,0.0,44,4196.0
375.0,44,1107.0,22.14,1.5014018002352347,13,1971.0,0.07029087086624432,8,317.0,0.07000662831238208,14,1736.0,0.06495981189501293,9,392.0,0.0,44,4416.0
380.0,41,1242.0,24.352941176470587,1.8653663423638902,13,2036.0,0.06899249426499425,8,357.0,0.10605219252255228,11,1552.0,0.15300495746207232,9,437.0,0.0,41,4382.0
385.0,37,1310.0,25.192307692307693,2.385485157098122,13,2101.0,0.060377047055728376,8,397.0,0.1896515530110837,7,1159.0,0.19172483237681687,9,484.0,0.23775380035192736,37,4141.0
390.0,36,1394.0,26.807692307692307,1.5405821692515584,14,2168.0,2.0564709029753805e-05,8,437.0,0.10980587113708629,4,1180.0,0.11705854456083845,10,530.0,0.1705508161806015,36,4315.0
395.0,35,1295.0,23.98148148148148,2.2044359130178792,14,2238.0,0.06666666666666667,5,391.0,0.16096208907919748,4,1203.0,0.16315596568229285,12,584.0,0.07140832552889903,35,4416.0
400.0,35,1223.0,22.236363636363638,2.632997317810672,15,2309.0,3.4713498140140524e-05,1,251.0,0.3104740310543642,7,1233.0,0.13048679673228833,12,644.0,0.07110905417170434,35,4437.0
405.0,39,1405.0,27.01923076923077,1.5887144931130557,15,2384.0,0.0,2,254.0,0.11754281624602718,10,1275.0,0.005506071397248679,12,704.0,0.0,39,4617.0
410.0,45,1619.0,31.745098039215687,1.568812619379176,15,2459.0,0.06002038773839144,5,272.0,0.00010416935934236748,13,1336.0,0.00013540143435434972,12,766.0,0.1359592857023177,45,4833.0
415.0,42,1809.0,36.18,1.4441233082732574,15,2534.0,0.1379437974572609,2,204.0,0.09127251021290354,13,1401.0,0.0,12,826.0,0.14006516299911717,42,4965.0
420.0,40,1995.0,37.64150943396226,2.570214544616223,15,2609.0,0.10115284223536261,0,98.0,0.6488248991840903,13,1466.0,0.11981617276907842,12,884.0,0.0,40,5057.0
425.0,40,1858.0,32.59649122807018,3.0430914366643416,15,2684.0,0.13325006597898215,1,49.0,0.6402183139061348,15,1537.0,0.07961104340039492,9,822.0,0.02977350521595996,40,5092.0
430.0,37,1617.0,29.944444444444443,3.0545543563618938,16,2762.0,0.10725113018586098,1,54.0,0.45357426352099556,16,1615.0,0.09476297984523648,4,533.0,0.19763061501404675,37,4964.0
435.0,30,1334.0,24.703703703703702,3.0772597126658305,13,2544.0,0.11219477743885059,0,0.0,0.012108352789814005,16,1695.0,0.11227795655805722,1,542.0,0.27665496364813474,30,4781.0
440.0,31,1095.0,20.27777777777778,2.823616478138011,10,1750.0,0.05635347117372979,1,7.0,0.6757617420298303,17,1778.0,0.008020655325150708,3,552.0,0.11741076603258278,31,4087.0
445.0,30,856.0,16.46153846153846,2.931995545627535,5,1780.0,0.14915694284026695,0,2.0,0.9186091309431847,18,1868.0,0.010785881432681542,7,579.0,0.0046154342876661295,30,4229.0
450.0,30,870.0,16.11111111111111,3.1435696579614754,3,1800.0,0.22346582281551694,1,3.0,0.4862110504938117,18,1959.0,0.08761010960099065,8,620.0,0.1896874150140294,30,4382.0
455.0,35,842.0,14.771929824561404,3.1813970926067845,7,1826.0,0.25323186673542397,4,15.0,0.3841011025143085,16,1782.0,0.10878914376072235,8,660.0,0.19017980646012167,35,4283.0
460.0,33,705.0,12.368421052631579,2.9017388649898668,10,1868.0,0.15655858994681945,4,35.0,0.19832706614007253,11,1350.0,0.17603262463374073,8,702.0,0.25683969826404895,33,3955.0
465.0,34,551.0,9.183333333333334,2.23198107707888,13,1925.0,0.12401184001583558,2,36.0,0.06591487853453175,9,1172.0,0.18571121685937902,10,749.0,0.1724094133488747,34,3882.0
470.0,38,546.0,8.806451612903226,2.3094232547015143,16,1998.0,0.09618166363675315,1,18.0,0.5118666947072907,9,1218.0,0.13393502920120182,12,796.0,0.09216775894833627,38,4030.0
475.0,38,654.0,9.909090909090908,2.8578911428117415,18,2086.0,0.13404607923663667,1,13.0,0.6415209270213053,7,1246.0,0.11983911738735144,12,851.0,0.04240279984449196,38,4196.0
480.0,42,854.0,12.93939393939394,2.966296251915542,20,2184.0,0.08308079789784388,1,18.0,0.6252475915247189,9,1271.0,0.07419743877815596,12,913.0,0.07192031555922072,42,4386.0
485.0,45,1071.0,16.734375,2.56698648909783,19,2279.0,0.04767281632680249,1,23.0,0.41266608426361917,13,1327.0,0.06335070733186371,12,973.0,0.13228600854409298,45,4602.0
490.0,45,1234.0,19.58730158730159,2.879163529575671,19,2371.0,0.04805349914931934,2,32.0,0.32052507765176846,12,1196.0,0.22999539111385975,12,1031.0,0.07123782147860785,45,4630.0
495.0,40,1340.0,21.9672131147541,3.004247754517149,19,2466.0,0.04727011231565591,1,34.0,0.31399616261090796,8,859.0,0.3258178672122317,12,1093.0,0.12488231770331797,40,4452.0
500.0,37,1445.0,24.083333333333332,2.5223036441071627,19,2561.0,0.05,1,38.0,0.3277099844657863,4,770.0,0.3202277941101232,13,1157.0,0.14274508710992445,37,4526.0
505.0,40,1576.0,25.419354838709676,3.0295635752708687,19,2656.0,0.07770828045972555,0,0.0,0.9695607929330843,5,790.0,0.20017007088648206,16,1231.0,0.16575486831307834,40,4677.0
510.0,44,1790.0,28.41269841269841,2.6082830048907377,19,2751.0,0.0762291679127091,0,0.0,0.9511693730335447,9,829.0,0.03779407587316442,16,1311.0,0.06743255943296628,44,4891.0
515.0,45,1813.0,29.241935483870968,1.8714060659970664,17,2492.0,0.06304998273390156,0,0.0,0.9590642924863977,12,885.0,0.001236468827943473,16,1390.0,0.06332815276680495,45,4767.0
520.0,42,1713.0,28.55,2.7039061843292282,13,1931.0,0.10677103371684678,0,2.0,0.8834009998364414,13,950.0,0.06836923164519886,16,1469.0,0.15943467238353773,42,4352.0
525.0,38,1650.0,27.049180327868854,3.2027458886244893,9,1977.0,0.1775969398491183,0,2.0,0.9441420414365792,13,1015.0,0.12295582883830813,16,1549.0,0.10383140803403405,38,4543.0
530.0,36,1534.0,25.147540983606557,2.842907946951393,6,2006.0,0.17155725859769866,1,3.0,0.35461784217655135,13,1082.0,0.19899714703351726,16,1629.0,0.0,36,4720.0
535.0,38,1579.0,26.316666666666666,2.4873309937730466,5,1723.0,0.23554382633559476,3,14.0,0.2509167814270567,14,1152.0,0.14437613657245446,16,1709.0,0.0,38,4598.0
540.0,39,1741.0,30.017241379310345,1.883010693032361,5,1267.0,0.15569527454583484,3,31.0,0.4712541671096053,15,1227.0,0.10278170566298378,16,1789.0,0.0,39,4314.0
545.0,40,1916.0,30.903225806451612,2.138076533753307,3,1285.0,0.20693610747386681,3,46.0,0.3713584598520842,18,1310.0,0.1288302884892047,16,1869.0,0.0,40,4510.0
550.0,41,2094.0,32.71875,2.1558236877084607,4,1303.0,0.26767673715785856,5,65.0,0.03660047269374557,16,1389.0,0.17599309964694854,16,1949.0,0.05767220004333002,41,4706.0
555.0,46,2316.0,34.56716417910448,2.352389714681159,7,1334.0,0.22785391250796458,6,94.0,0.22201893324743996,17,1460.0,0.11923560194684353,16,2029.0,0.0,46,4917.0
560.0,49,2195.0,31.357142857142858,2.4661942016756333,12,1384.0,0.1236277011916482,6,124.0,0.2309897874767774,18,1548.0,0.14317653708602998,13,1887.0,0.028238322580618414,49,4943.0
565.0,46,1830.0,25.068493150684933,2.985575810142721,14,1452.0,0.018755058266709437,6,154.0,0.1310809001630865,18,1638.0,0.16176184971930715,8,1327.0,0.12265436634869759,46,4571.0
570.0,43,1583.0,21.684931506849313,2.8167954807847377,15,1519.0,0.05661955756950726,6,184.0,0.13213680895752272,19,1732.0,0.11057508592035888,3,1352.0,0.24873326500252205,43,4787.0
575.0,48,1604.0,22.591549295774648,2.332329529467052,17,1600.0,0.0004283800553663511,6,214.0,0.12651739353826946,22,1836.0,0.1326105346462405,3,1366.0,0.18047513226716394,48,5016.0
580.0,53,1863.0,27.0,1.9465111408262337,18,1690.0,2.4303820529311515e-06,6,244.0,0.22013679977616663,23,1949.0,0.09917673714465586,6,1390.0,0.14516407049500749,53,5273.0
585.0,57,2141.0,30.585714285714285,1.5903739702267348,18,1780.0,0.0,6,274.0,0.18809815473303967,24,2065.0,0.0001235291494949794,9,1433.0,0.08250919118766298,57,5552.0
590.0,62,2442.0,35.911764705882355,1.0693741813546165,18,1870.0,0.0,8,310.0,0.10387568716058715,24,2185.0,0.0,12,1488.0,0.0002993064153450273,62,5853.0
595.0,57,2666.0,39.791044776119406,1.0702344118256608,18,1960.0,0.0,6,339.0,0.13876217808190475,24,2305.0,0.0,9,1325.0,0.032294162183527104,57,5929.0
600.0,52,2843.0,43.738461538461536,1.6940941957938556,18,2050.0,0.049986340824374524,6,364.0,0.13845039435917214,24,2425.0,3.435005580429997e-07,4,992.0,0.2770382870515493,52,5831.0
605.0,50,3030.0,46.61538461538461,1.6222758563449846,18,2140.0,0.05157013644203049,6,394.0,0.028881057565492613,24,2545.0,0.0,2,1007.0,0.2988775130630782,50,6086.0
610.0,55,3294.0,51.46875,1.0273639137144959,19,2231.0,0.04792250813152166,7,427.0,0.0,24,2665.0,0.0,5,1025.0,0.16873643568713817,55,6348.0
615.0,51,3016.0,46.4,1.4560290266285087,16,2052.0,0.1055468058794691,6,454.0,0.0,21,2557.0,0.0395982829544165,8,1059.0,0.0033100020274972296,51,6122.0
620.0,43,2368.0,35.878787878787875,2.6172492016346816,11,1673.0,0.12083904792508932,6,486.0,0.21322286930617618,17,2227.0,0.0922348924431288,9,1107.0,0.2607517127351554,43,5493.0
625.0,42,1978.0,30.43076923076923,1.5983426063675021,8,1707.0,0.08963219860837454,7,517.0,0.1395307293046165,17,2308.0,0.060634722239552914,10,1154.0,0.09358148074201567,42,5686.0
630.0,46,1954.0,29.606060606060606,1.507383203580568,7,1741.0,0.1461966481970875,8,555.0,0.09780148552805228,19,2400.0,0.0992570778149322,12,1210.0,3.792231515125332e-05,46,5906.0
635.0,53,2094.0,31.727272727272727,1.3705164728286323,8,1776.0,0.11942832920418449,9,600.0,0.0957384861520709,24,2513.0,0.09911075300584214,12,1270.0,0.0,53,6159.0
640.0,53,2259.0,33.71641791044776,1.3209803111463856,11,1826.0,0.12647414710503094,9,645.0,0.0921984764839413,24,2631.0,0.03104775962128242,9,1110.0,0.025678878894387,53,6212.0
645.0,52,2362.0,34.73529411764706,1.973987809454475,15,1893.0,0.05804142391373338,9,690.0,0.09746154213599816,24,2751.0,0.0,4,834.0,0.21359401229625236,52,6168.0
650.0,51,2523.0,37.10294117647059,2.176152921189083,16,1972.0,0.00013230105233433815,9,735.0,0.09880582886045083,24,2871.0,0.07527338353051691,2,847.0,0.23066712563200636,51,6425.0
655.0,50,2691.0,41.4,1.257831541938198,13,1822.0,0.03397411563914762,9,780.0,0.0532568629678446,24,2991.0,0.08463658755176819,4,863.0,0.15027655701872972,50,6456.0
660.0,51,2809.0,43.215384615384615,1.2922445019342788,9,1484.0,0.0794902354293738,9,827.0,0.1600415976151836,25,3113.0,4.0416988217897196e-05,8,896.0,0.0041841923388921285,51,6320.0
665.0,50,2967.0,44.95454545454545,1.2723864950090686,7,1525.0,0.08473614400154232,9,872.0,0.06612358745394688,25,3238.0,0.014978632038432091,9,941.0,0.09266501406499808,50,6576.0
670.0,53,3132.0,46.05882352941177,1.083423377080786,6,1561.0,0.13661080716004045,12,925.0,0.0004247590068574636,26,3365.0,0.002012195496687103,9,986.0,0.097395719091033,53,6837.0
675.0,57,3383.0,50.492537313432834,0.6393410686114366,8,1596.0,0.12913045700290057,12,985.0,0.06924589073996781,27,3498.0,3.694412377351771e-06,10,1032.0,0.000389362966540181,57,7111.0
680.0,58,3585.0,51.214285714285715,0.7849661789764596,12,1648.0,0.07880304294749259,12,1045.0,0.1365909423146539,27,3633.0,0.0,7,895.0,0.034585053522592814,58,7221.0
685.0,57,3740.0,51.94444444444444,1.6051845143624162,16,1718.0,0.09753577213395391,12,1105.0,0.12272627688674172,27,3768.0,0.0,2,583.0,0.172094455076423,57,7174.0
690.0,58,3987.0,55.375,1.8466233253162312,18,1804.0,0.06865257156869418,12,1165.0,0.11837643641466108,27,3903.0,0.0,1,429.0,0.37997087351421305,58,7301.0
695.0,60,4269.0,60.12676056338028,1.3353027724424087,17,1877.0,0.06340853727103149,12,1225.0,0.0,27,4038.0,0.0,4,443.0,0.274670710571623,60,7583.0
700.0,58,4346.0,62.08571428571429,1.6330559061244152,17,1962.0,0.050020400406673146,12,1285.0,0.07090148121679343,24,3906.0,0.09829377119805169,5,467.0,0.24356012319673506,58,7620.0
705.0,50,4143.0,58.352112676056336,2.334188832622721,14,1832.0,0.07147620841638443,12,1345.0,0.13305861277368683,19,3509.0,0.14517921376319307,5,494.0,0.37750501603978986,50,7180.0
710.0,48,4204.0,57.58904109589041,1.9401814236926607,11,1505.0,0.11873205695940611,12,1407.0,0.19956634193416414,20,3604.0,0.047256919663878225,5,519.0,0.17144754343465918,48,7035.0
715.0,53,4317.0,57.56,1.8013684157231757,9,1555.0,0.13012507388863004,13,1469.0,0.1193896665125652,24,3714.0,0.040458818430920085,7,551.0,0.030457710531432876,53,7289.0
720.0,52,3829.0,50.38157894736842,2.480050334903507,8,1596.0,0.07687740091101036,15,1543.0,0.1584462078428711,21,3607.0,0.11849841497284727,8,590.0,0.18602104839774486,52,7336.0
725.0,48,3162.0,43.31506849315068,2.376038736097098,8,1636.0,0.20520777570319915,15,1618.0,0.057680802028136,17,3297.0,0.11988364571900119,8,630.0,0.3102544546396533,48,7181.0
730.0,50,2789.0,36.22077922077922,2.597738741205348,12,1688.0,0.19616627433106554,15,1693.0,0.05721588944468488,15,3373.0,0.18870858219183217,8,670.0,0.2306761088440435,50,7424.0
735.0,52,2572.0,32.55696202531646,1.9540278711123518,15,1754.0,0.10756894139629491,15,1768.0,0.09171194088125596,14,3444.0,0.14345752674166953,8,710.0,0.12056344117696799,52,7676.0
740.0,58,2639.0,32.9875,1.4988480902043435,17,1836.0,0.00012145582062650404,17,1845.0,0.005535215172882878,16,3522.0,0.11923819411244603,8,748.0,0.05594051805825443,58,7951.0
745.0,65,2948.0,35.51807228915663,1.4687498932659393,17,1921.0,0.05362430334661124,18,1931.0,3.184215846916482e-05,22,3620.0,0.07788109420200905,8,788.0,0.0,65,8260.0
750.0,71,3292.0,41.15,0.9300252643423539,19,2013.0,0.047618538105433365,18,2021.0,0.0,26,3742.0,0.00258015228720623,8,830.0,0.10929160414506417,71,8606.0
755.0,74,3656.0,46.87179487179487,0.5863476688257853,19,2108.0,0.045092029099930465,18,2111.0,0.0,29,3883.0,5.0526927484173194e-05,8,870.0,0.07495629914995462,74,8972.0
760.0,74,4026.0,50.325,0.8687828796259469,19,2203.0,0.0,18,2201.0,0.09770759097567706,29,4028.0,0.06402118786910185,8,908.0,0.0,74,9340.0
765.0,74,4396.0,54.95,0.794169596570278,19,2298.0,0.0,18,2291.0,0.09645999549733345,29,4173.0,0.06048890050411741,8,948.0,0.0,74,9710.0
770.0,75,4771.0,59.6375,0.39949907150329933,19,2393.0,0.0,18,2381.0,0.024971537949393382,30,4323.0,0.030021000688998416,8,988.0,0.0,75,10085.0
775.0,76,5151.0,64.3875,0.23742459706064406,19,2488.0,0.0,18,2471.0,0.008820765757131387,31,4478.0,0.0015068092416377678,8,1028.0,0.0,76,10465.0
780.0,77,5536.0,68.34567901234568,0.6185541123380496,19,2583.0,0.0,18,2561.0,0.05198045659924883,32,4638.0,0.0,8,1070.0,0.18258635522371686,77,10852.0
785.0,77,5921.0,74.0125,0.4649660260539731,19,2678.0,0.0,18,2651.0,0.049115438071550666,32,4798.0,0.0,8,1110.0,0.17987610487795677,77,11237.0
790.0,77,6306.0,77.85185185185185,0.5005461244445134,19,2773.0,0.047710148757376496,18,2741.0,0.0023255830077129587,32,4958.0,0.0,8,1148.0,0.10558852665308702,77,11620.0
795.0,74,6376.0,75.01176470588236,1.2149035353605968,19,2868.0,0.15046410549606684,18,2831.0,0.0,32,5118.0,0.023554698532884683,5,937.0,0.045273498673426525,74,11754.0
800.0,69,6277.0,71.32954545454545,1.9571264151221037,19,2963.0,0.12361232460059605,18,2921.0,0.09752994153397189,32,5278.0,0.020668597954260466,0,553.0,0.33643200248671407,69,11715.0
805.0,72,6633.0,75.375,2.0010274235332486,19,3058.0,0.04737252273268711,18,3011.0,0.13666409849138106,34,5446.0,0.07273768637737944,1,556.0,0.26758893927073607,72,12071.0
810.0,77,7008.0,79.63636363636364,1.7770227948955237,19,3153.0,0.09070643785085786,18,3101.0,0.04965123440157939,35,5618.0,0.07118796040638561,5,572.0,0.27313246806928204,77,12444.0
815.0,78,7395.0,84.0340909090909,1.149244001889007,19,3248.0,0.08809584584850466,18,3191.0,0.0,36,5795.0,0.010927272963952218,5,597.0,0.319961022016165,78,12831.0
820.0,81,7795.0,88.57954545454545,0.6018579228156218,19,3343.0,0.13970970716081324,18,3281.0,0.0,38,5983.0,4.177950615275211e-06,6,624.0,0.06256579519794041,81,13231.0
825.0,77,8163.0,91.71910112359551,1.0059288967567024,19,3438.0,0.12238522655290739,18,3371.0,0.051412123181606914,35,6159.0,0.053161374992248295,5,649.0,0.035640954483965384,77,13617.0
830.0,78,8550.0,93.95604395604396,1.654325225589083,20,3535.0,0.11303489959093037,18,3461.0,0.050483306635100596,35,6319.0,0.05073102155753009,5,672.0,0.0,78,13987.0
835.0,77,8572.0,94.1978021978022,1.2708833526875867,22,3642.0,0.04318422821098894,18,3551.0,0.014514930296339624,32,6122.0,0.014474204714438492,5,697.0,0.0,77,14012.0
840.0,73,8365.0,95.05681818181819,1.2371596213738487,20,3741.0,0.05809237146717814,19,3645.0,1.9910717248649763e-06,29,5562.0,0.040435808932448886,5,724.0,0.34717789436161905,73,13672.0
845.0,66,8297.0,94.2840909090909,1.6734237631667974,19,3822.0,0.10139355638569399,19,3740.0,0.05,23,5341.0,0.11419710307778429,5,749.0,0.28869439161454175,66,13652.0
850.0,65,7348.0,81.64444444444445,1.939066739566494,19,3913.0,0.12390169720105071,16,3509.0,0.06331380716327073,22,5447.0,0.1658902324297097,8,781.0,0.011570525002387026,65,13650.0
855.0,62,6156.0,67.64835164835165,2.3240837638115845,20,4009.0,0.12030569488487738,11,2941.0,0.1341174966589489,22,5553.0,0.15617481825395071,9,825.0,1.681060003371022e-05,62,13328.0
860.0,60,5482.0,60.24175824175824,1.8795602121340498,21,4110.0,0.062418147253131606,6,2655.0,0.18883735071702593,27,5677.0,0.04965158679215969,6,661.0,0.03219450361543139,60,13103.0
865.0,60,5067.0,56.93258426966292,1.7778210968619994,22,4218.0,0.0005773039063384337,5,2682.0,0.18551934790929142,32,5827.0,0.0037030010861613632,1,336.0,0.3940624764977576,60,13063.0
870.0,64,5099.0,57.29213483146067,1.8804699858304574,23,4333.0,0.03953487882707824,6,2706.0,0.16391076836254842,33,5989.0,0.03126108482949738,2,342.0,0.40334325809675475,64,13370.0
875.0,68,5382.0,61.15909090909091,1.7770809106375567,20,4424.0,0.07470436429954252,10,2748.0,0.1356584852759288,33,6133.0,4.0939200750944394e-05,5,359.0,0.14106327961668969,68,13664.0
880.0,69,5623.0,63.89772727272727,2.125013183216595,19,4493.0,0.06506596166574628,14,2810.0,0.12144309132840267,30,5925.0,0.09850937915257843,6,388.0,9.310462959412543e-05,69,13616.0
885.0,63,5298.0,61.604651162790695,2.299341866674963,17,4214.0,0.015429474659850506,14,2880.0,0.06598499108304691,26,5785.0,0.1428157471864386,6,420.0,0.3695936443101008,63,13299.0
890.0,55,4647.0,55.98795180722892,2.0297774111155276,13,3575.0,0.0627708949757873,14,2952.0,0.12985554870563198,22,5769.0,0.09244739351453884,6,450.0,0.30597802116780803,55,12746.0
895.0,58,4165.0,49.0,2.033191763667272,11,3632.0,0.11726317392070164,17,3030.0,0.10167965568759263,22,5878.0,0.060781582375089564,8,486.0,0.09199944710951674,58,13026.0
900.0,58,3603.0,41.895348837209305,1.9034296123305956,8,3678.0,0.16538924924261617,18,3116.0,0.043471057549834546,22,5986.0,0.04753617137464915,10,535.0,0.0899597375047544,58,13315.0
905.0,62,3564.0,41.92941176470588,1.2796962734980715,7,3700.0,0.1277889973461407,19,3208.0,0.04819499420835785,26,6109.0,0.01563867562606939,10,585.0,0.0008932427649870589,62,13602.0
910.0,65,3758.0,43.69767441860465,1.5280593401421716,11,3730.0,0.12429809431791825,17,3290.0,0.14108546339398853,29,6252.0,0.0759577063085817,8,456.0,0.03316527921913406,65,13728.0
915.0,64,3926.0,45.651162790697676,2.239176897955192,14,3794.0,0.09624688955887065,17,3370.0,0.09682747650676053,30,6402.0,0.1122898583546321,3,252.0,0.31266395552718096,64,13818.0
920.0,63,4024.0,45.21348314606742,2.4503037490263737,17,3876.0,0.15877733673090833,14,3090.0,0.033712804092477726,30,6550.0,0.031898244040397636,2,248.0,0.3940294140320585,63,13764.0
925.0,66,4081.0,44.84615384615385,2.355811849445598,18,3966.0,0.08229088101481973,11,2509.0,0.11200251257347137,31,6701.0,0.049443608016675515,6,266.0,0.12731990983519598,66,13442.0
930.0,66,4187.0,46.522222222222226,1.6851282510809098,21,4067.0,0.002186543018229292,6,2543.0,0.18617102985801567,32,6857.0,0.003548015865939426,7,298.0,0.00013336252485113474,66,13765.0
935.0,65,4310.0,49.54022988505747,1.6770385099370786,20,4169.0,0.056947777261560896,5,2563.0,0.15230965091568072,33,7013.0,2.479129170654807e-05,7,335.0,0.24619020619619153,65,14080.0
940.0,67,4592.0,54.666666666666664,1.5201827596759403,19,4255.0,0.09485305351994565,8,2595.0,0.08885568508048734,33,7180.0,0.06673777432737395,7,370.0,0.27547920665659276,67,14400.0
945.0,70,4787.0,56.31764705882353,0.9942318654127563,18,3948.0,0.10184522037826481,12,2645.0,0.010193686736639312,33,7345.0,0.0663491653296066,7,405.0,0.03978996685289995,70,14343.0
950.0,70,4906.0,57.04651162790697,1.022168449757537,13,3346.0,0.14240810790899625,14,2709.0,0.07799248382523281,33,7510.0,0.0485960456523887,10,451.0,0.00015619231258819357,70,14016.0
955.0,67,5035.0,58.54651162790697,0.8179609049940122,8,3051.0,0.1433509612351462,17,2787.0,0.0024345481064204,35,7681.0,0.0018323753227879756,7,488.0,0.1371147623795137,67,14007.0
960.0,62,5098.0,57.93181818181818,1.7469889697379544,6,3074.0,0.20196970434628142,15,2559.0,0.019000249370289764,34,7855.0,0.07310324267787935,7,510.0,0.12181880822650855,62,13998.0
965.0,59,5149.0,58.51136363636363,2.4917177949152944,7,3105.0,0.15315563543950514,10,2039.0,0.081459799067011,35,8023.0,0.09332337558021898,7,543.0,0.0,59,13710.0
970.0,61,5358.0,62.30232558139535,1.9286327556636846,11,3155.0,0.02819119582665552,8,2081.0,0.08528126336481864,35,8196.0,0.04926081877065277,7,578.0,0.0,61,14010.0
975.0,60,5309.0,63.963855421686745,1.3104578406580842,15,3224.0,0.0031700563625193467,6,2114.0,0.07645874915223506,32,8153.0,0.006246938646130855,7,613.0,0.0,60,14104.0
980.0,57,5179.0,65.55696202531645,1.508427525834542,13,2602.0,0.07076194978129932,8,2148.0,0.09026454611963326,29,7882.0,0.02522278722283814,7,650.0,0.2067042524579762,57,13282.0
985.0,50,4923.0,63.935064935064936,0.9732069505880439,7,2630.0,0.09191327075985257,12,2203.0,0.024954324257757694,24,8005.0,0.04366109919026468,7,685.0,0.14386514130012487,50,13523.0
990.0,56,4857.0,61.48101265822785,1.0195221121840576,8,2657.0,0.10879107976682659,15,2271.0,0.0018921698564517396,23,8125.0,0.091608149641547,10,728.0,0.0010168564844585978,56,13781.0
995.0,56,4740.0,60.0,1.1266420623007876,8,2696.0,0.10364335771528572,17,2354.0,0.0001162663361201916,24,8239.0,0.0888711026160202,7,643.0,0.04430115764965604,56,13932.0
1000.0,54,4619.0,56.329268292682926,1.8681168185495614,10,2738.0,0.1276407910503721,14,2134.0,0.12081821850190237,28,8368.0,0.014034385102882201,2,413.0,0.20151998560680248,54,13653.0
